collected_at,route,flight_date,flight_status,dep_scheduled,dep_actual,dep_delay_min,arr_scheduled,arr_actual,arr_delay_min,calculated_dep_delay,calculated_arr_delay,flight_number,airline
2026-07-08T22:10:30.051593,BOM-FRA,2026-07-09,scheduled,2026-07-09T02:40:00+00:00,,,2026-07-09T08:05:00+00:00,,20,,,,Lufthansa
2026-07-08T22:10:30.051661,BOM-FRA,2026-07-08,landed,2026-07-08T11:40:00+00:00,2026-07-08T12:10:00+00:00,,2026-07-08T17:55:00+00:00,2026-07-08T17:30:00+00:00,,,,,Lufthansa
2026-07-08T22:10:30.051677,BOM-FRA,2026-07-08,landed,2026-07-08T11:40:00+00:00,2026-07-08T12:10:00+00:00,,2026-07-08T17:55:00+00:00,2026-07-08T17:30:00+00:00,,,,,Air India
2026-07-08T22:10:30.051687,BOM-FRA,2026-07-08,landed,2026-07-08T08:10:00+00:00,2026-07-08T08:34:00+00:00,9,2026-07-08T13:30:00+00:00,2026-07-08T13:39:00+00:00,9,,,,DHL Air
2026-07-08T22:10:30.051696,BOM-FRA,2026-07-08,scheduled,2026-07-08T02:40:00+00:00,2026-07-08T04:08:00+00:00,74,2026-07-08T08:05:00+00:00,,74,,,,Air India
2026-07-08T22:10:30.051705,BOM-FRA,2026-07-08,scheduled,2026-07-08T02:40:00+00:00,2026-07-08T04:08:00+00:00,74,2026-07-08T08:05:00+00:00,,74,,,,Air Canada
2026-07-08T22:10:30.051714,BOM-FRA,2026-07-08,scheduled,2026-07-08T02:40:00+00:00,2026-07-08T04:08:00+00:00,74,2026-07-08T08:05:00+00:00,,74,,,,Lufthansa
2026-07-08T22:10:30.051722,BOM-FRA,2026-07-07,landed,2026-07-07T08:20:00+00:00,2026-07-07T08:43:00+00:00,18,2026-07-07T13:45:00+00:00,2026-07-07T14:03:00+00:00,18,,,,Lufthansa Cargo
2026-07-08T22:10:30.051731,BOM-FRA,2026-07-07,scheduled,2026-07-07T08:20:00+00:00,,,2026-07-07T13:45:00+00:00,,,,,,Lufthansa
2026-07-08T22:10:30.051739,BOM-FRA,2026-07-07,scheduled,2026-07-07T02:40:00+00:00,2026-07-07T03:22:00+00:00,41,2026-07-07T08:05:00+00:00,,40,,,,Alitalia
2026-07-08T22:10:30.051747,BOM-FRA,2026-07-07,scheduled,2026-07-07T02:40:00+00:00,2026-07-07T03:22:00+00:00,41,2026-07-07T08:05:00+00:00,,40,,,,Air India
2026-07-08T22:10:30.051755,BOM-FRA,2026-07-07,scheduled,2026-07-07T02:40:00+00:00,2026-07-07T03:22:00+00:00,41,2026-07-07T08:05:00+00:00,,40,,,,Air Canada
2026-07-08T22:10:30.051762,BOM-FRA,2026-07-07,scheduled,2026-07-07T02:40:00+00:00,2026-07-07T03:22:00+00:00,41,2026-07-07T08:05:00+00:00,,40,,,,Lufthansa
2026-07-08T22:10:51.719870,DEL-CDG,2026-07-09,scheduled,2026-07-09T04:05:00+00:00,,,2026-07-09T10:05:00+00:00,,,,,,Cathay Pacific
2026-07-08T22:10:51.719913,DEL-CDG,2026-07-09,scheduled,2026-07-09T00:50:00+00:00,,,2026-07-09T06:25:00+00:00,,,,,,Air France
2026-07-08T22:10:51.719924,DEL-CDG,2026-07-08,active,2026-07-08T12:10:00+00:00,,,2026-07-08T19:15:00+00:00,,10,,,,Singapore Airlines
2026-07-08T22:10:51.719935,DEL-CDG,2026-07-08,landed,2026-07-08T09:38:00+00:00,2026-07-08T09:44:00+00:00,,2026-07-08T15:40:00+00:00,2026-07-08T15:17:00+00:00,,,,,FedEx
2026-07-08T22:10:51.719947,DEL-CDG,2026-07-08,scheduled,2026-07-08T12:10:00+00:00,2026-07-08T13:54:00+00:00,55,2026-07-08T19:15:00+00:00,,55,,,,Air India
2026-07-08T22:10:51.719957,DEL-CDG,2026-07-08,landed,2026-07-08T00:50:00+00:00,2026-07-08T01:20:00+00:00,,2026-07-08T06:25:00+00:00,2026-07-08T06:23:00+00:00,,,,,KLM
2026-07-08T22:10:51.719968,DEL-CDG,2026-07-08,landed,2026-07-08T00:50:00+00:00,2026-07-08T01:20:00+00:00,,2026-07-08T06:25:00+00:00,2026-07-08T06:23:00+00:00,,,,,Delta Air Lines
2026-07-08T22:10:51.719977,DEL-CDG,2026-07-08,landed,2026-07-08T00:50:00+00:00,2026-07-08T01:20:00+00:00,,2026-07-08T06:25:00+00:00,2026-07-08T06:23:00+00:00,,,,,Air France
2026-07-08T22:10:51.719986,DEL-CDG,2026-07-07,landed,2026-07-07T12:10:00+00:00,2026-07-07T12:21:00+00:00,,2026-07-07T19:15:00+00:00,2026-07-07T18:32:00+00:00,,,,,Singapore Airlines
2026-07-08T22:10:51.719998,DEL-CDG,2026-07-07,scheduled,2026-07-07T09:38:00+00:00,2026-07-07T10:00:00+00:00,60,2026-07-07T15:40:00+00:00,,60,,,,FedEx
2026-07-08T22:10:51.720009,DEL-CDG,2026-07-07,landed,2026-07-07T12:10:00+00:00,2026-07-07T12:21:00+00:00,,2026-07-07T19:15:00+00:00,2026-07-07T18:32:00+00:00,,,,,Air India
2026-07-08T22:10:51.720020,DEL-CDG,2026-07-07,landed,2026-07-07T00:50:00+00:00,2026-07-07T01:16:00+00:00,,2026-07-07T06:25:00+00:00,2026-07-07T06:12:00+00:00,,,,,Air France
2026-07-08T22:10:51.720029,DEL-CDG,2026-07-07,landed,2026-07-07T00:50:00+00:00,2026-07-07T01:16:00+00:00,,2026-07-07T06:25:00+00:00,2026-07-07T06:12:00+00:00,,,,,KLM
2026-07-08T22:10:51.720039,DEL-CDG,2026-07-07,landed,2026-07-07T00:50:00+00:00,2026-07-07T01:16:00+00:00,,2026-07-07T06:25:00+00:00,2026-07-07T06:12:00+00:00,,,,,Delta Air Lines
2026-07-08T22:11:13.401381,BLR-AMS,2026-07-09,scheduled,2026-07-09T01:05:00+00:00,,,2026-07-09T07:55:00+00:00,,10,,,,Delta Air Lines
2026-07-08T22:11:13.401413,BLR-AMS,2026-07-09,scheduled,2026-07-09T01:05:00+00:00,,,2026-07-09T07:55:00+00:00,,10,,,,Air France
2026-07-08T22:11:13.401418,BLR-AMS,2026-07-09,scheduled,2026-07-09T01:05:00+00:00,,,2026-07-09T07:55:00+00:00,,10,,,,KLM
2026-07-08T22:11:13.401423,BLR-AMS,2026-07-08,landed,2026-07-08T01:05:00+00:00,2026-07-08T01:22:00+00:00,,2026-07-08T07:55:00+00:00,2026-07-08T07:40:00+00:00,,,,,Delta Air Lines
2026-07-08T22:11:13.401429,BLR-AMS,2026-07-08,landed,2026-07-08T01:05:00+00:00,2026-07-08T01:22:00+00:00,,2026-07-08T07:55:00+00:00,2026-07-08T07:40:00+00:00,,,,,Air France
2026-07-08T22:11:13.401435,BLR-AMS,2026-07-08,landed,2026-07-08T01:05:00+00:00,2026-07-08T01:22:00+00:00,,2026-07-08T07:55:00+00:00,2026-07-08T07:40:00+00:00,,,,,KLM
2026-07-08T22:11:13.401440,BLR-AMS,2026-07-07,landed,2026-07-07T01:05:00+00:00,2026-07-07T01:10:00+00:00,,2026-07-07T07:55:00+00:00,2026-07-07T07:34:00+00:00,,,,,Delta Air Lines
2026-07-08T22:11:13.401446,BLR-AMS,2026-07-07,landed,2026-07-07T01:05:00+00:00,2026-07-07T01:10:00+00:00,,2026-07-07T07:55:00+00:00,2026-07-07T07:34:00+00:00,,,,,Air France
2026-07-08T22:11:13.401451,BLR-AMS,2026-07-07,landed,2026-07-07T01:05:00+00:00,2026-07-07T01:10:00+00:00,,2026-07-07T07:55:00+00:00,2026-07-07T07:34:00+00:00,,,,,KLM
2026-07-09T10:06:46.256264,BOM-FRA,2026-07-09,scheduled,2026-07-09T11:40:00+00:00,,,2026-07-09T17:55:00+00:00,,10,,,,Lufthansa
2026-07-09T10:06:46.256318,BOM-FRA,2026-07-09,scheduled,2026-07-09T11:40:00+00:00,,,2026-07-09T17:55:00+00:00,,10,,,,Air India
2026-07-09T10:06:46.256328,BOM-FRA,2026-07-09,active,2026-07-09T02:40:00+00:00,2026-07-09T03:17:00+00:00,,2026-07-09T08:05:00+00:00,,37,,,,Alitalia
2026-07-09T10:06:46.256335,BOM-FRA,2026-07-09,active,2026-07-09T02:40:00+00:00,2026-07-09T03:17:00+00:00,,2026-07-09T08:05:00+00:00,,37,,,,Air India
2026-07-09T10:06:46.256340,BOM-FRA,2026-07-09,active,2026-07-09T02:40:00+00:00,2026-07-09T03:17:00+00:00,,2026-07-09T08:05:00+00:00,,37,,,,Air Canada
2026-07-09T10:06:46.256345,BOM-FRA,2026-07-09,scheduled,2026-07-09T02:40:00+00:00,2026-07-09T03:17:00+00:00,30,2026-07-09T08:05:00+00:00,,29,,,,Lufthansa
2026-07-09T10:06:46.256350,BOM-FRA,2026-07-08,landed,2026-07-08T11:40:00+00:00,2026-07-08T12:10:00+00:00,,2026-07-08T17:55:00+00:00,2026-07-08T17:30:00+00:00,,,,,Lufthansa
2026-07-09T10:06:46.256356,BOM-FRA,2026-07-08,landed,2026-07-08T11:40:00+00:00,2026-07-08T12:10:00+00:00,,2026-07-08T17:55:00+00:00,2026-07-08T17:30:00+00:00,,,,,Air India
2026-07-09T10:06:46.256361,BOM-FRA,2026-07-08,landed,2026-07-08T08:10:00+00:00,2026-07-08T08:34:00+00:00,9,2026-07-08T13:30:00+00:00,2026-07-08T13:39:00+00:00,9,,,,DHL Air
2026-07-09T10:06:46.256367,BOM-FRA,2026-07-08,scheduled,2026-07-08T02:40:00+00:00,2026-07-08T04:08:00+00:00,74,2026-07-08T08:05:00+00:00,,74,,,,Air India
2026-07-09T10:06:46.256372,BOM-FRA,2026-07-08,scheduled,2026-07-08T02:40:00+00:00,2026-07-08T04:08:00+00:00,74,2026-07-08T08:05:00+00:00,,74,,,,Air Canada
2026-07-09T10:06:46.256377,BOM-FRA,2026-07-08,scheduled,2026-07-08T02:40:00+00:00,2026-07-08T04:08:00+00:00,74,2026-07-08T08:05:00+00:00,,74,,,,Lufthansa
2026-07-09T10:06:46.771323,DEL-CDG,2026-07-09,active,2026-07-09T09:38:00+00:00,,,2026-07-09T16:19:00+00:00,,10,,,,FedEx
2026-07-09T10:06:46.771343,DEL-CDG,2026-07-09,scheduled,2026-07-09T12:10:00+00:00,,,2026-07-09T19:15:00+00:00,,30,,,,Air India
2026-07-09T10:06:46.771350,DEL-CDG,2026-07-09,active,2026-07-09T00:50:00+00:00,2026-07-09T01:18:00+00:00,,2026-07-09T06:25:00+00:00,,,,,,KLM
2026-07-09T10:06:46.771355,DEL-CDG,2026-07-09,active,2026-07-09T00:50:00+00:00,2026-07-09T01:18:00+00:00,,2026-07-09T06:25:00+00:00,,,,,,Delta Air Lines
2026-07-09T10:06:46.771361,DEL-CDG,2026-07-09,active,2026-07-09T04:05:00+00:00,2026-07-09T04:11:00+00:00,,2026-07-09T10:05:00+00:00,,6,,,,Cathay Pacific
2026-07-09T10:06:46.771366,DEL-CDG,2026-07-09,active,2026-07-09T00:50:00+00:00,2026-07-09T01:18:00+00:00,,2026-07-09T06:25:00+00:00,,,,,,Air France
2026-07-09T10:06:46.771370,DEL-CDG,2026-07-08,scheduled,2026-07-08T12:10:00+00:00,2026-07-08T13:54:00+00:00,57,2026-07-08T19:15:00+00:00,,57,,,,Singapore Airlines
2026-07-09T10:06:46.771376,DEL-CDG,2026-07-08,landed,2026-07-08T09:38:00+00:00,2026-07-08T09:44:00+00:00,,2026-07-08T15:40:00+00:00,2026-07-08T15:17:00+00:00,,,,,FedEx
2026-07-09T10:06:46.771382,DEL-CDG,2026-07-08,scheduled,2026-07-08T12:10:00+00:00,2026-07-08T13:54:00+00:00,57,2026-07-08T19:15:00+00:00,,57,,,,Air India
2026-07-09T10:06:46.771387,DEL-CDG,2026-07-08,landed,2026-07-08T00:50:00+00:00,2026-07-08T01:20:00+00:00,,2026-07-08T06:25:00+00:00,2026-07-08T06:23:00+00:00,,,,,KLM
2026-07-09T10:06:46.771392,DEL-CDG,2026-07-08,landed,2026-07-08T00:50:00+00:00,2026-07-08T01:20:00+00:00,,2026-07-08T06:25:00+00:00,2026-07-08T06:23:00+00:00,,,,,Delta Air Lines
2026-07-09T10:06:46.771398,DEL-CDG,2026-07-08,landed,2026-07-08T00:50:00+00:00,2026-07-08T01:20:00+00:00,,2026-07-08T06:25:00+00:00,2026-07-08T06:23:00+00:00,,,,,Air France
2026-07-09T10:06:47.533361,BLR-AMS,2026-07-09,active,2026-07-09T10:10:00+00:00,,,2026-07-09T16:50:00+00:00,,10,,,,Singapore Airlines
2026-07-09T10:06:47.533381,BLR-AMS,2026-07-09,active,2026-07-09T01:05:00+00:00,2026-07-09T01:15:00+00:00,,2026-07-09T07:55:00+00:00,,10,,,,Delta Air Lines
2026-07-09T10:06:47.533389,BLR-AMS,2026-07-09,active,2026-07-09T01:05:00+00:00,2026-07-09T01:15:00+00:00,,2026-07-09T07:55:00+00:00,,10,,,,Air France
2026-07-09T10:06:47.533394,BLR-AMS,2026-07-09,active,2026-07-09T01:05:00+00:00,2026-07-09T01:15:00+00:00,,2026-07-09T07:55:00+00:00,,,,,,KLM
2026-07-09T10:06:47.533399,BLR-AMS,2026-07-08,landed,2026-07-08T01:05:00+00:00,2026-07-08T01:22:00+00:00,,2026-07-08T07:55:00+00:00,2026-07-08T07:40:00+00:00,,,,,Delta Air Lines
2026-07-09T10:06:47.533408,BLR-AMS,2026-07-08,landed,2026-07-08T01:05:00+00:00,2026-07-08T01:22:00+00:00,,2026-07-08T07:55:00+00:00,2026-07-08T07:40:00+00:00,,,,,Air France
2026-07-09T10:06:47.533414,BLR-AMS,2026-07-08,landed,2026-07-08T01:05:00+00:00,2026-07-08T01:22:00+00:00,,2026-07-08T07:55:00+00:00,2026-07-08T07:40:00+00:00,,,,,KLM
2026-07-09T11:04:03.734998,BOM-FRA,2026-07-09,scheduled,2026-07-09T11:40:00+00:00,,,2026-07-09T17:55:00+00:00,,10,,,,Lufthansa
2026-07-09T11:04:03.735048,BOM-FRA,2026-07-09,scheduled,2026-07-09T11:40:00+00:00,,,2026-07-09T17:55:00+00:00,,10,,,,Air India
2026-07-09T11:04:03.735057,BOM-FRA,2026-07-09,active,2026-07-09T02:40:00+00:00,2026-07-09T03:17:00+00:00,,2026-07-09T08:05:00+00:00,,37,,,,Alitalia
2026-07-09T11:04:03.735064,BOM-FRA,2026-07-09,active,2026-07-09T02:40:00+00:00,2026-07-09T03:17:00+00:00,,2026-07-09T08:05:00+00:00,,37,,,,Air India
2026-07-09T11:04:03.735069,BOM-FRA,2026-07-09,active,2026-07-09T02:40:00+00:00,2026-07-09T03:17:00+00:00,,2026-07-09T08:05:00+00:00,,37,,,,Air Canada
2026-07-09T11:04:03.735074,BOM-FRA,2026-07-09,scheduled,2026-07-09T02:40:00+00:00,2026-07-09T03:17:00+00:00,30,2026-07-09T08:05:00+00:00,,29,,,,Lufthansa
2026-07-09T11:04:03.735080,BOM-FRA,2026-07-08,landed,2026-07-08T11:40:00+00:00,2026-07-08T12:10:00+00:00,,2026-07-08T17:55:00+00:00,2026-07-08T17:30:00+00:00,,,,,Lufthansa
2026-07-09T11:04:03.735086,BOM-FRA,2026-07-08,landed,2026-07-08T11:40:00+00:00,2026-07-08T12:10:00+00:00,,2026-07-08T17:55:00+00:00,2026-07-08T17:30:00+00:00,,,,,Air India
2026-07-09T11:04:03.735091,BOM-FRA,2026-07-08,landed,2026-07-08T08:10:00+00:00,2026-07-08T08:34:00+00:00,9,2026-07-08T13:30:00+00:00,2026-07-08T13:39:00+00:00,9,,,,DHL Air
2026-07-09T11:04:03.735097,BOM-FRA,2026-07-08,scheduled,2026-07-08T02:40:00+00:00,2026-07-08T04:08:00+00:00,74,2026-07-08T08:05:00+00:00,,74,,,,Air India
2026-07-09T11:04:03.735103,BOM-FRA,2026-07-08,scheduled,2026-07-08T02:40:00+00:00,2026-07-08T04:08:00+00:00,74,2026-07-08T08:05:00+00:00,,74,,,,Air Canada
2026-07-09T11:04:03.735108,BOM-FRA,2026-07-08,scheduled,2026-07-08T02:40:00+00:00,2026-07-08T04:08:00+00:00,74,2026-07-08T08:05:00+00:00,,74,,,,Lufthansa
2026-07-09T11:04:04.307620,DEL-CDG,2026-07-09,active,2026-07-09T09:38:00+00:00,2026-07-09T10:03:00+00:00,121,2026-07-09T15:40:00+00:00,,26,,,,FedEx
2026-07-09T11:04:04.307639,DEL-CDG,2026-07-09,scheduled,2026-07-09T12:10:00+00:00,,,2026-07-09T19:15:00+00:00,,30,,,,Air India
2026-07-09T11:04:04.307645,DEL-CDG,2026-07-09,landed,2026-07-09T00:50:00+00:00,2026-07-09T01:18:00+00:00,,2026-07-09T06:25:00+00:00,2026-07-09T06:18:00+00:00,,,,,KLM
2026-07-09T11:04:04.307651,DEL-CDG,2026-07-09,landed,2026-07-09T00:50:00+00:00,2026-07-09T01:18:00+00:00,,2026-07-09T06:25:00+00:00,2026-07-09T06:18:00+00:00,,,,,Delta Air Lines
2026-07-09T11:04:04.307657,DEL-CDG,2026-07-09,active,2026-07-09T04:05:00+00:00,2026-07-09T04:11:00+00:00,,2026-07-09T10:05:00+00:00,,6,,,,Cathay Pacific
2026-07-09T11:04:04.307663,DEL-CDG,2026-07-09,landed,2026-07-09T00:50:00+00:00,2026-07-09T01:18:00+00:00,,2026-07-09T06:25:00+00:00,2026-07-09T06:18:00+00:00,,,,,Air France
2026-07-09T11:04:04.307668,DEL-CDG,2026-07-08,scheduled,2026-07-08T12:10:00+00:00,2026-07-08T13:54:00+00:00,57,2026-07-08T19:15:00+00:00,,57,,,,Singapore Airlines
2026-07-09T11:04:04.307674,DEL-CDG,2026-07-08,landed,2026-07-08T09:38:00+00:00,2026-07-08T09:44:00+00:00,,2026-07-08T15:40:00+00:00,2026-07-08T15:17:00+00:00,,,,,FedEx
2026-07-09T11:04:04.307679,DEL-CDG,2026-07-08,scheduled,2026-07-08T12:10:00+00:00,2026-07-08T13:54:00+00:00,57,2026-07-08T19:15:00+00:00,,57,,,,Air India
2026-07-09T11:04:04.307685,DEL-CDG,2026-07-08,landed,2026-07-08T00:50:00+00:00,2026-07-08T01:20:00+00:00,,2026-07-08T06:25:00+00:00,2026-07-08T06:23:00+00:00,,,,,KLM
2026-07-09T11:04:04.307690,DEL-CDG,2026-07-08,landed,2026-07-08T00:50:00+00:00,2026-07-08T01:20:00+00:00,,2026-07-08T06:25:00+00:00,2026-07-08T06:23:00+00:00,,,,,Delta Air Lines
2026-07-09T11:04:04.307696,DEL-CDG,2026-07-08,landed,2026-07-08T00:50:00+00:00,2026-07-08T01:20:00+00:00,,2026-07-08T06:25:00+00:00,2026-07-08T06:23:00+00:00,,,,,Air France
2026-07-09T11:04:04.794621,BLR-AMS,2026-07-09,active,2026-07-09T10:10:00+00:00,2026-07-09T09:56:00+00:00,,2026-07-09T16:50:00+00:00,,,,,,Singapore Airlines
2026-07-09T11:04:04.794661,BLR-AMS,2026-07-09,active,2026-07-09T01:05:00+00:00,2026-07-09T01:15:00+00:00,,2026-07-09T07:55:00+00:00,,10,,,,Delta Air Lines
2026-07-09T11:04:04.794675,BLR-AMS,2026-07-09,active,2026-07-09T01:05:00+00:00,2026-07-09T01:15:00+00:00,,2026-07-09T07:55:00+00:00,,10,,,,Air France
2026-07-09T11:04:04.794686,BLR-AMS,2026-07-09,active,2026-07-09T01:05:00+00:00,2026-07-09T01:15:00+00:00,,2026-07-09T07:55:00+00:00,,,,,,KLM
2026-07-09T11:04:04.794696,BLR-AMS,2026-07-08,landed,2026-07-08T01:05:00+00:00,2026-07-08T01:22:00+00:00,,2026-07-08T07:55:00+00:00,2026-07-08T07:40:00+00:00,,,,,Delta Air Lines
2026-07-09T11:04:04.794708,BLR-AMS,2026-07-08,landed,2026-07-08T01:05:00+00:00,2026-07-08T01:22:00+00:00,,2026-07-08T07:55:00+00:00,2026-07-08T07:40:00+00:00,,,,,Air France
2026-07-09T11:04:04.794718,BLR-AMS,2026-07-08,landed,2026-07-08T01:05:00+00:00,2026-07-08T01:22:00+00:00,,2026-07-08T07:55:00+00:00,2026-07-08T07:40:00+00:00,,,,,KLM
2026-07-10T11:46:30.912245,BOM-FRA,2026-07-10,scheduled,2026-07-10T02:40:00+00:00,2026-07-10T03:05:00+00:00,30,2026-07-10T08:05:00+00:00,,29,,,,Lufthansa
2026-07-10T11:46:30.912346,BOM-FRA,2026-07-10,active,2026-07-10T02:40:00+00:00,2026-07-10T03:05:00+00:00,14,2026-07-10T08:05:00+00:00,,26,,,,Air India
2026-07-10T11:46:30.912368,BOM-FRA,2026-07-10,active,2026-07-10T02:40:00+00:00,2026-07-10T03:05:00+00:00,14,2026-07-10T08:05:00+00:00,,26,,,,Air Canada
2026-07-10T11:46:30.912382,BOM-FRA,2026-07-09,landed,2026-07-09T11:40:00+00:00,2026-07-09T11:52:00+00:00,,2026-07-09T17:55:00+00:00,2026-07-09T17:09:00+00:00,,,,,Lufthansa
2026-07-10T11:46:30.912396,BOM-FRA,2026-07-09,landed,2026-07-09T11:40:00+00:00,2026-07-09T11:52:00+00:00,,2026-07-09T17:55:00+00:00,2026-07-09T17:09:00+00:00,,,,,Air India
2026-07-10T11:46:30.912409,BOM-FRA,2026-07-09,landed,2026-07-09T02:40:00+00:00,2026-07-09T03:17:00+00:00,28,2026-07-09T08:05:00+00:00,2026-07-09T08:33:00+00:00,28,,,,Alitalia
2026-07-10T11:46:30.912422,BOM-FRA,2026-07-09,landed,2026-07-09T02:40:00+00:00,2026-07-09T03:17:00+00:00,28,2026-07-09T08:05:00+00:00,2026-07-09T08:33:00+00:00,28,,,,Air India
2026-07-10T11:46:30.912434,BOM-FRA,2026-07-09,landed,2026-07-09T02:40:00+00:00,2026-07-09T03:17:00+00:00,28,2026-07-09T08:05:00+00:00,2026-07-09T08:33:00+00:00,28,,,,Air Canada
2026-07-10T11:46:30.912445,BOM-FRA,2026-07-09,landed,2026-07-09T02:40:00+00:00,2026-07-09T03:17:00+00:00,28,2026-07-09T08:05:00+00:00,2026-07-09T08:33:00+00:00,28,,,,Lufthansa
2026-07-10T11:46:31.496165,DEL-CDG,2026-07-10,active,2026-07-10T12:10:00+00:00,,,2026-07-10T19:15:00+00:00,,10,,,,Singapore Airlines
2026-07-10T11:46:31.496199,DEL-CDG,2026-07-10,active,2026-07-10T09:38:00+00:00,2026-07-10T10:04:00+00:00,,2026-07-10T15:40:00+00:00,,27,,,,FedEx
2026-07-10T11:46:31.496214,DEL-CDG,2026-07-10,active,2026-07-10T12:10:00+00:00,,,2026-07-10T19:15:00+00:00,,10,,,,Air India
2026-07-10T11:46:31.496226,DEL-CDG,2026-07-10,scheduled,2026-07-10T00:50:00+00:00,2026-07-10T04:09:00+00:00,166,2026-07-10T06:25:00+00:00,,165,,,,KLM
2026-07-10T11:46:31.496239,DEL-CDG,2026-07-10,scheduled,2026-07-10T00:50:00+00:00,2026-07-10T04:09:00+00:00,166,2026-07-10T06:25:00+00:00,,165,,,,Delta Air Lines
2026-07-10T11:46:31.496251,DEL-CDG,2026-07-10,scheduled,2026-07-10T00:50:00+00:00,2026-07-10T04:09:00+00:00,166,2026-07-10T06:25:00+00:00,,165,,,,Air France
2026-07-10T11:46:31.496263,DEL-CDG,2026-07-09,scheduled,2026-07-09T12:10:00+00:00,2026-07-09T14:21:00+00:00,82,2026-07-09T19:15:00+00:00,,81,,,,Singapore Airlines
2026-07-10T11:46:31.496276,DEL-CDG,2026-07-09,scheduled,2026-07-09T09:38:00+00:00,2026-07-09T10:03:00+00:00,55,2026-07-09T15:40:00+00:00,,55,,,,FedEx
2026-07-10T11:46:31.496287,DEL-CDG,2026-07-09,scheduled,2026-07-09T12:10:00+00:00,2026-07-09T14:21:00+00:00,82,2026-07-09T19:15:00+00:00,,81,,,,Air India
2026-07-10T11:46:31.496299,DEL-CDG,2026-07-09,landed,2026-07-09T00:50:00+00:00,2026-07-09T01:18:00+00:00,,2026-07-09T06:25:00+00:00,2026-07-09T06:18:00+00:00,,,,,KLM
2026-07-10T11:46:31.496311,DEL-CDG,2026-07-09,landed,2026-07-09T00:50:00+00:00,2026-07-09T01:18:00+00:00,,2026-07-09T06:25:00+00:00,2026-07-09T06:18:00+00:00,,,,,Delta Air Lines
2026-07-10T11:46:31.496323,DEL-CDG,2026-07-09,landed,2026-07-09T04:05:00+00:00,2026-07-09T04:11:00+00:00,,2026-07-09T10:05:00+00:00,2026-07-09T09:35:00+00:00,,,,,Cathay Pacific
2026-07-10T11:46:31.496335,DEL-CDG,2026-07-09,landed,2026-07-09T00:50:00+00:00,2026-07-09T01:18:00+00:00,,2026-07-09T06:25:00+00:00,2026-07-09T06:18:00+00:00,,,,,Air France
2026-07-10T11:46:31.993565,BLR-AMS,2026-07-10,active,2026-07-10T01:05:00+00:00,2026-07-10T01:30:00+00:00,,2026-07-10T07:55:00+00:00,,26,,,,Delta Air Lines
2026-07-10T11:46:31.993596,BLR-AMS,2026-07-10,active,2026-07-10T01:05:00+00:00,2026-07-10T01:30:00+00:00,,2026-07-10T07:55:00+00:00,,26,,,,Air France
2026-07-10T11:46:31.993607,BLR-AMS,2026-07-10,landed,2026-07-10T01:05:00+00:00,2026-07-10T01:30:00+00:00,,2026-07-10T07:55:00+00:00,2026-07-10T07:39:00+00:00,,,,,KLM
2026-07-10T11:46:31.993618,BLR-AMS,2026-07-09,landed,2026-07-09T10:10:00+00:00,2026-07-09T09:56:00+00:00,,2026-07-09T16:50:00+00:00,2026-07-09T16:04:00+00:00,,,,,Singapore Airlines
2026-07-10T11:46:31.993631,BLR-AMS,2026-07-09,landed,2026-07-09T01:05:00+00:00,2026-07-09T01:15:00+00:00,,2026-07-09T07:55:00+00:00,2026-07-09T07:43:00+00:00,,,,,Delta Air Lines
2026-07-10T11:46:31.993641,BLR-AMS,2026-07-09,landed,2026-07-09T01:05:00+00:00,2026-07-09T01:15:00+00:00,,2026-07-09T07:55:00+00:00,2026-07-09T07:43:00+00:00,,,,,Air France
2026-07-10T11:46:31.993652,BLR-AMS,2026-07-09,landed,2026-07-09T01:05:00+00:00,2026-07-09T01:15:00+00:00,,2026-07-09T07:55:00+00:00,2026-07-09T07:43:00+00:00,,,,,KLM
2026-07-11T11:08:43.593162,BOM-FRA,2026-07-11,active,2026-07-11T11:40:00+00:00,,,2026-07-11T17:55:00+00:00,,10,,,LH7255,Lufthansa
2026-07-11T11:08:43.593247,BOM-FRA,2026-07-11,active,2026-07-11T11:40:00+00:00,,,2026-07-11T17:55:00+00:00,,10,,,AI2027,Air India
2026-07-11T11:08:43.593268,BOM-FRA,2026-07-11,active,2026-07-11T02:40:00+00:00,2026-07-11T02:55:00+00:00,4,2026-07-11T08:05:00+00:00,,15,15.0,,AZ4813,Alitalia
2026-07-11T11:08:43.593554,BOM-FRA,2026-07-11,active,2026-07-11T02:40:00+00:00,2026-07-11T02:55:00+00:00,4,2026-07-11T08:05:00+00:00,,15,15.0,,AI8757,Air India
2026-07-11T11:08:43.593587,BOM-FRA,2026-07-11,active,2026-07-11T02:40:00+00:00,2026-07-11T02:55:00+00:00,4,2026-07-11T08:05:00+00:00,,15,15.0,,AC9355,Air Canada
2026-07-11T11:08:43.593604,BOM-FRA,2026-07-11,active,2026-07-11T02:40:00+00:00,2026-07-11T02:55:00+00:00,1,2026-07-11T08:05:00+00:00,,1,15.0,,LH757,Lufthansa
2026-07-11T11:08:43.593621,BOM-FRA,2026-07-10,landed,2026-07-10T02:40:00+00:00,2026-07-10T03:05:00+00:00,29,2026-07-10T08:05:00+00:00,2026-07-10T08:34:00+00:00,29,25.0,29.0,LH757,Lufthansa
2026-07-11T11:08:43.593660,BOM-FRA,2026-07-10,landed,2026-07-10T02:40:00+00:00,2026-07-10T03:05:00+00:00,29,2026-07-10T08:05:00+00:00,2026-07-10T08:34:00+00:00,29,25.0,29.0,AI8757,Air India
2026-07-11T11:08:43.593680,BOM-FRA,2026-07-10,landed,2026-07-10T02:40:00+00:00,2026-07-10T03:05:00+00:00,29,2026-07-10T08:05:00+00:00,2026-07-10T08:34:00+00:00,29,25.0,29.0,AC9355,Air Canada
2026-07-11T11:08:44.078864,DEL-CDG,2026-07-11,active,2026-07-11T09:38:00+00:00,2026-07-11T09:57:00+00:00,44,2026-07-11T15:40:00+00:00,,19,19.0,,FX5279,FedEx
2026-07-11T11:08:44.078934,DEL-CDG,2026-07-11,scheduled,2026-07-11T12:10:00+00:00,,,2026-07-11T19:15:00+00:00,,10,,,AI143,Air India
2026-07-11T11:08:44.078952,DEL-CDG,2026-07-11,landed,2026-07-11T00:50:00+00:00,2026-07-11T01:17:00+00:00,,2026-07-11T06:25:00+00:00,2026-07-11T06:17:00+00:00,,27.0,-8.0,AF283,Air France
2026-07-11T11:08:44.078981,DEL-CDG,2026-07-11,landed,2026-07-11T00:50:00+00:00,2026-07-11T01:17:00+00:00,,2026-07-11T06:25:00+00:00,2026-07-11T06:17:00+00:00,,27.0,-8.0,KL2369,KLM
2026-07-11T11:08:44.079004,DEL-CDG,2026-07-11,landed,2026-07-11T00:50:00+00:00,2026-07-11T01:17:00+00:00,,2026-07-11T06:25:00+00:00,2026-07-11T06:17:00+00:00,,27.0,-8.0,DL8293,Delta Air Lines
2026-07-11T11:08:44.079028,DEL-CDG,2026-07-10,landed,2026-07-10T12:10:00+00:00,2026-07-10T12:26:00+00:00,,2026-07-10T19:15:00+00:00,2026-07-10T18:29:00+00:00,,16.0,-46.0,SQ4931,Singapore Airlines
2026-07-11T11:08:44.079051,DEL-CDG,2026-07-10,landed,2026-07-10T09:38:00+00:00,2026-07-10T10:04:00+00:00,,2026-07-10T15:40:00+00:00,2026-07-10T15:38:00+00:00,,26.0,-2.0,FX5279,FedEx
2026-07-11T11:08:44.079074,DEL-CDG,2026-07-10,landed,2026-07-10T12:10:00+00:00,2026-07-10T12:26:00+00:00,,2026-07-10T19:15:00+00:00,2026-07-10T18:29:00+00:00,,16.0,-46.0,AI143,Air India
2026-07-11T11:08:44.079097,DEL-CDG,2026-07-10,scheduled,2026-07-10T00:50:00+00:00,2026-07-10T04:09:00+00:00,166,2026-07-10T06:25:00+00:00,,165,199.0,,KL2369,KLM
2026-07-11T11:08:44.079118,DEL-CDG,2026-07-10,scheduled,2026-07-10T00:50:00+00:00,2026-07-10T04:09:00+00:00,166,2026-07-10T06:25:00+00:00,,165,199.0,,DL8293,Delta Air Lines
2026-07-11T11:08:44.079138,DEL-CDG,2026-07-10,scheduled,2026-07-10T00:50:00+00:00,2026-07-10T04:09:00+00:00,166,2026-07-10T06:25:00+00:00,,165,199.0,,AF283,Air France
2026-07-11T11:08:44.573030,BLR-AMS,2026-07-11,active,2026-07-11T09:35:00+00:00,2026-07-11T09:57:00+00:00,6,2026-07-11T16:15:00+00:00,,23,22.0,,SQ7352,Singapore Airlines
2026-07-11T11:08:44.573091,BLR-AMS,2026-07-10,landed,2026-07-10T01:05:00+00:00,2026-07-10T01:30:00+00:00,,2026-07-10T07:55:00+00:00,2026-07-10T07:39:00+00:00,,25.0,-16.0,DL9478,Delta Air Lines
2026-07-11T11:08:44.573115,BLR-AMS,2026-07-10,landed,2026-07-10T01:05:00+00:00,2026-07-10T01:30:00+00:00,,2026-07-10T07:55:00+00:00,2026-07-10T07:39:00+00:00,,25.0,-16.0,AF3126,Air France
2026-07-11T11:08:44.573134,BLR-AMS,2026-07-10,landed,2026-07-10T01:05:00+00:00,2026-07-10T01:30:00+00:00,,2026-07-10T07:55:00+00:00,2026-07-10T07:39:00+00:00,,25.0,-16.0,KL880,KLM
2026-07-12T10:44:31.777372,BOM-FRA,2026-07-12,scheduled,2026-07-12T11:40:00+00:00,,,2026-07-12T17:55:00+00:00,,10,,,LH7255,Lufthansa
2026-07-12T10:44:31.777517,BOM-FRA,2026-07-12,scheduled,2026-07-12T11:40:00+00:00,,,2026-07-12T17:55:00+00:00,,10,,,AI2027,Air India
2026-07-12T10:44:31.777552,BOM-FRA,2026-07-12,active,2026-07-12T08:10:00+00:00,2026-07-12T08:29:00+00:00,,2026-07-12T13:30:00+00:00,,19,19.0,,D0623,DHL Air
2026-07-12T10:44:31.777650,BOM-FRA,2026-07-12,active,2026-07-12T02:40:00+00:00,2026-07-12T02:56:00+00:00,6,2026-07-12T08:05:00+00:00,,16,16.0,,AZ4813,Alitalia
2026-07-12T10:44:31.777671,BOM-FRA,2026-07-12,active,2026-07-12T02:40:00+00:00,2026-07-12T02:56:00+00:00,6,2026-07-12T08:05:00+00:00,,16,16.0,,AI8757,Air India
2026-07-12T10:44:31.777689,BOM-FRA,2026-07-12,active,2026-07-12T02:40:00+00:00,2026-07-12T02:56:00+00:00,6,2026-07-12T08:05:00+00:00,,16,16.0,,AC9355,Air Canada
2026-07-12T10:44:31.777705,BOM-FRA,2026-07-12,active,2026-07-12T02:40:00+00:00,2026-07-12T02:56:00+00:00,10,2026-07-12T08:05:00+00:00,,10,16.0,,LH757,Lufthansa
2026-07-12T10:44:31.777718,BOM-FRA,2026-07-11,landed,2026-07-11T11:40:00+00:00,2026-07-11T12:11:00+00:00,,2026-07-11T17:55:00+00:00,2026-07-11T17:10:00+00:00,,31.0,-45.0,LH7255,Lufthansa
2026-07-12T10:44:31.777737,BOM-FRA,2026-07-11,landed,2026-07-11T11:40:00+00:00,2026-07-11T12:11:00+00:00,,2026-07-11T17:55:00+00:00,2026-07-11T17:10:00+00:00,,31.0,-45.0,AI2027,Air India
2026-07-12T10:44:31.777757,BOM-FRA,2026-07-11,landed,2026-07-11T02:40:00+00:00,2026-07-11T02:55:00+00:00,1,2026-07-11T08:05:00+00:00,2026-07-11T08:06:00+00:00,1,15.0,1.0,AZ4813,Alitalia
2026-07-12T10:44:31.777779,BOM-FRA,2026-07-11,landed,2026-07-11T02:40:00+00:00,2026-07-11T02:55:00+00:00,1,2026-07-11T08:05:00+00:00,2026-07-11T08:06:00+00:00,1,15.0,1.0,AI8757,Air India
2026-07-12T10:44:31.777797,BOM-FRA,2026-07-11,landed,2026-07-11T02:40:00+00:00,2026-07-11T02:55:00+00:00,1,2026-07-11T08:05:00+00:00,2026-07-11T08:06:00+00:00,1,15.0,1.0,AC9355,Air Canada
2026-07-12T10:44:31.777814,BOM-FRA,2026-07-11,landed,2026-07-11T02:40:00+00:00,2026-07-11T02:55:00+00:00,1,2026-07-11T08:05:00+00:00,2026-07-11T08:06:00+00:00,1,15.0,1.0,LH757,Lufthansa
2026-07-12T10:44:32.343402,DEL-CDG,2026-07-12,scheduled,2026-07-12T12:10:00+00:00,,,2026-07-12T19:15:00+00:00,,10,,,AI143,Air India
2026-07-12T10:44:32.343450,DEL-CDG,2026-07-12,landed,2026-07-12T00:50:00+00:00,2026-07-12T01:18:00+00:00,,2026-07-12T06:25:00+00:00,2026-07-12T06:11:00+00:00,,28.0,-14.0,AF283,Air France
2026-07-12T10:44:32.343494,DEL-CDG,2026-07-12,landed,2026-07-12T00:50:00+00:00,2026-07-12T01:18:00+00:00,,2026-07-12T06:25:00+00:00,2026-07-12T06:11:00+00:00,,28.0,-14.0,KL2369,KLM
2026-07-12T10:44:32.343516,DEL-CDG,2026-07-12,landed,2026-07-12T00:50:00+00:00,2026-07-12T01:18:00+00:00,,2026-07-12T06:25:00+00:00,2026-07-12T06:11:00+00:00,,28.0,-14.0,DL8293,Delta Air Lines
2026-07-12T10:44:32.343537,DEL-CDG,2026-07-11,landed,2026-07-11T12:10:00+00:00,2026-07-11T12:18:00+00:00,,2026-07-11T19:15:00+00:00,2026-07-11T18:20:00+00:00,,8.0,-55.0,SQ4931,Singapore Airlines
2026-07-12T10:44:32.343557,DEL-CDG,2026-07-11,active,2026-07-11T09:38:00+00:00,2026-07-11T09:57:00+00:00,,2026-07-11T16:13:00+00:00,,,19.0,,FX5279,FedEx
2026-07-12T10:44:32.343573,DEL-CDG,2026-07-11,landed,2026-07-11T12:10:00+00:00,2026-07-11T12:18:00+00:00,,2026-07-11T19:15:00+00:00,2026-07-11T18:20:00+00:00,,8.0,-55.0,AI143,Air India
2026-07-12T10:44:32.343595,DEL-CDG,2026-07-11,landed,2026-07-11T00:50:00+00:00,2026-07-11T01:17:00+00:00,,2026-07-11T06:25:00+00:00,2026-07-11T06:17:00+00:00,,27.0,-8.0,AF283,Air France
2026-07-12T10:44:32.343614,DEL-CDG,2026-07-11,landed,2026-07-11T00:50:00+00:00,2026-07-11T01:17:00+00:00,,2026-07-11T06:25:00+00:00,2026-07-11T06:17:00+00:00,,27.0,-8.0,KL2369,KLM
2026-07-12T10:44:32.343633,DEL-CDG,2026-07-11,landed,2026-07-11T00:50:00+00:00,2026-07-11T01:17:00+00:00,,2026-07-11T06:25:00+00:00,2026-07-11T06:17:00+00:00,,27.0,-8.0,DL8293,Delta Air Lines
2026-07-12T10:44:33.057678,BLR-AMS,2026-07-12,active,2026-07-12T01:05:00+00:00,2026-07-12T01:19:00+00:00,,2026-07-12T07:55:00+00:00,,15,14.0,,DL9478,Delta Air Lines
2026-07-12T10:44:33.057730,BLR-AMS,2026-07-12,active,2026-07-12T01:05:00+00:00,2026-07-12T01:19:00+00:00,,2026-07-12T07:55:00+00:00,,15,14.0,,AF3126,Air France
2026-07-12T10:44:33.057742,BLR-AMS,2026-07-12,active,2026-07-12T01:05:00+00:00,2026-07-12T01:19:00+00:00,,2026-07-12T07:55:00+00:00,,,14.0,,KL880,KLM
2026-07-12T10:44:33.057752,BLR-AMS,2026-07-11,landed,2026-07-11T09:35:00+00:00,2026-07-11T09:57:00+00:00,,2026-07-11T16:15:00+00:00,2026-07-11T16:12:00+00:00,,22.0,-3.0,SQ7352,Singapore Airlines
2026-07-13T15:52:41.913111,BOM-FRA,2026-07-13,active,2026-07-13T11:40:00+00:00,2026-07-13T12:26:00+00:00,,2026-07-13T17:55:00+00:00,,46,46.0,,LH7255,Lufthansa
2026-07-13T15:52:41.913186,BOM-FRA,2026-07-13,scheduled,2026-07-13T11:40:00+00:00,,,2026-07-13T17:55:00+00:00,,,,,AI2027,Air India
2026-07-13T15:52:41.913197,BOM-FRA,2026-07-13,active,2026-07-13T08:10:00+00:00,2026-07-13T08:22:00+00:00,,2026-07-13T13:15:00+00:00,,12,12.0,,D0627,DHL Air
2026-07-13T15:52:41.913209,BOM-FRA,2026-07-13,landed,2026-07-13T02:40:00+00:00,2026-07-13T03:01:00+00:00,5,2026-07-13T08:05:00+00:00,2026-07-13T08:10:00+00:00,5,21.0,5.0,LH757,Lufthansa
2026-07-13T15:52:41.913220,BOM-FRA,2026-07-13,landed,2026-07-13T02:40:00+00:00,2026-07-13T03:01:00+00:00,5,2026-07-13T08:05:00+00:00,2026-07-13T08:10:00+00:00,5,21.0,5.0,AI8757,Air India
2026-07-13T15:52:41.913229,BOM-FRA,2026-07-13,landed,2026-07-13T02:40:00+00:00,2026-07-13T03:01:00+00:00,5,2026-07-13T08:05:00+00:00,2026-07-13T08:10:00+00:00,5,21.0,5.0,AC9355,Air Canada
2026-07-13T15:52:41.913238,BOM-FRA,2026-07-12,landed,2026-07-12T11:40:00+00:00,2026-07-12T11:56:00+00:00,,2026-07-12T17:55:00+00:00,2026-07-12T17:01:00+00:00,,16.0,-54.0,LH7255,Lufthansa
2026-07-13T15:52:41.913247,BOM-FRA,2026-07-12,landed,2026-07-12T11:40:00+00:00,2026-07-12T11:56:00+00:00,,2026-07-12T17:55:00+00:00,2026-07-12T17:01:00+00:00,,16.0,-54.0,AI2027,Air India
2026-07-13T15:52:41.913256,BOM-FRA,2026-07-12,landed,2026-07-12T08:10:00+00:00,2026-07-12T08:29:00+00:00,,2026-07-12T13:30:00+00:00,2026-07-12T13:26:00+00:00,,19.0,-4.0,D0623,DHL Air
2026-07-13T15:52:41.913265,BOM-FRA,2026-07-12,landed,2026-07-12T02:40:00+00:00,2026-07-12T02:56:00+00:00,12,2026-07-12T08:05:00+00:00,2026-07-12T08:17:00+00:00,12,16.0,12.0,AZ4813,Alitalia
2026-07-13T15:52:41.913273,BOM-FRA,2026-07-12,landed,2026-07-12T02:40:00+00:00,2026-07-12T02:56:00+00:00,12,2026-07-12T08:05:00+00:00,2026-07-12T08:17:00+00:00,12,16.0,12.0,AI8757,Air India
2026-07-13T15:52:41.913282,BOM-FRA,2026-07-12,landed,2026-07-12T02:40:00+00:00,2026-07-12T02:56:00+00:00,12,2026-07-12T08:05:00+00:00,2026-07-12T08:17:00+00:00,12,16.0,12.0,AC9355,Air Canada
2026-07-13T15:52:41.913291,BOM-FRA,2026-07-12,landed,2026-07-12T02:40:00+00:00,2026-07-12T02:56:00+00:00,12,2026-07-12T08:05:00+00:00,2026-07-12T08:17:00+00:00,12,16.0,12.0,LH757,Lufthansa
2026-07-13T15:52:42.783295,DEL-CDG,2026-07-13,active,2026-07-13T12:10:00+00:00,2026-07-13T12:40:00+00:00,,2026-07-13T19:15:00+00:00,,30,30.0,,SQ4931,Singapore Airlines
2026-07-13T15:52:42.783345,DEL-CDG,2026-07-13,active,2026-07-13T12:10:00+00:00,2026-07-13T12:40:00+00:00,,2026-07-13T19:15:00+00:00,,30,30.0,,AI143,Air India
2026-07-13T15:52:42.783359,DEL-CDG,2026-07-13,active,2026-07-13T09:25:00+00:00,2026-07-13T09:32:00+00:00,,2026-07-13T15:25:00+00:00,,8,7.0,,FX5272,FedEx
2026-07-13T15:52:42.783372,DEL-CDG,2026-07-13,landed,2026-07-13T00:50:00+00:00,2026-07-13T01:18:00+00:00,,2026-07-13T06:25:00+00:00,2026-07-13T06:17:00+00:00,,28.0,-8.0,KL2369,KLM
2026-07-13T15:52:42.783389,DEL-CDG,2026-07-13,landed,2026-07-13T00:50:00+00:00,2026-07-13T01:18:00+00:00,,2026-07-13T06:25:00+00:00,2026-07-13T06:17:00+00:00,,28.0,-8.0,DL8293,Delta Air Lines
2026-07-13T15:52:42.783403,DEL-CDG,2026-07-13,landed,2026-07-13T00:50:00+00:00,2026-07-13T01:18:00+00:00,,2026-07-13T06:25:00+00:00,2026-07-13T06:17:00+00:00,,28.0,-8.0,AF283,Air France
2026-07-13T15:52:42.783417,DEL-CDG,2026-07-12,landed,2026-07-12T12:10:00+00:00,2026-07-12T13:26:00+00:00,14,2026-07-12T19:15:00+00:00,2026-07-12T19:29:00+00:00,14,76.0,14.0,SQ4931,Singapore Airlines
2026-07-13T15:52:42.783432,DEL-CDG,2026-07-12,landed,2026-07-12T12:10:00+00:00,2026-07-12T13:26:00+00:00,14,2026-07-12T19:15:00+00:00,2026-07-12T19:29:00+00:00,14,76.0,14.0,AI143,Air India
2026-07-13T15:52:42.783442,DEL-CDG,2026-07-12,landed,2026-07-12T00:50:00+00:00,2026-07-12T01:18:00+00:00,,2026-07-12T06:25:00+00:00,2026-07-12T06:11:00+00:00,,28.0,-14.0,AF283,Air France
2026-07-13T15:52:42.783451,DEL-CDG,2026-07-12,landed,2026-07-12T00:50:00+00:00,2026-07-12T01:18:00+00:00,,2026-07-12T06:25:00+00:00,2026-07-12T06:11:00+00:00,,28.0,-14.0,KL2369,KLM
2026-07-13T15:52:42.783461,DEL-CDG,2026-07-12,landed,2026-07-12T00:50:00+00:00,2026-07-12T01:18:00+00:00,,2026-07-12T06:25:00+00:00,2026-07-12T06:11:00+00:00,,28.0,-14.0,DL8293,Delta Air Lines
2026-07-13T15:52:43.451738,BLR-AMS,2026-07-12,landed,2026-07-12T01:05:00+00:00,2026-07-12T01:19:00+00:00,,2026-07-12T07:55:00+00:00,2026-07-12T07:16:00+00:00,,14.0,-39.0,DL9478,Delta Air Lines
2026-07-13T15:52:43.451804,BLR-AMS,2026-07-12,landed,2026-07-12T01:05:00+00:00,2026-07-12T01:19:00+00:00,,2026-07-12T07:55:00+00:00,2026-07-12T07:16:00+00:00,,14.0,-39.0,AF3126,Air France
2026-07-13T15:52:43.451828,BLR-AMS,2026-07-12,landed,2026-07-12T01:05:00+00:00,2026-07-12T01:19:00+00:00,,2026-07-12T07:55:00+00:00,2026-07-12T07:16:00+00:00,,14.0,-39.0,KL880,KLM
2026-07-14T12:13:29.153705,BOM-FRA,2026-07-14,active,2026-07-14T08:20:00+00:00,2026-07-14T08:44:00+00:00,18,2026-07-14T13:45:00+00:00,,25,24.0,,GEC8363,Lufthansa Cargo
2026-07-14T12:13:29.153823,BOM-FRA,2026-07-14,scheduled,2026-07-14T08:20:00+00:00,,,2026-07-14T13:45:00+00:00,,,,,LH8363,Lufthansa
2026-07-14T12:13:29.153844,BOM-FRA,2026-07-14,active,2026-07-14T02:40:00+00:00,2026-07-14T03:03:00+00:00,15,2026-07-14T08:05:00+00:00,,15,23.0,,LH757,Lufthansa
2026-07-14T12:13:29.153870,BOM-FRA,2026-07-14,active,2026-07-14T02:40:00+00:00,2026-07-14T03:03:00+00:00,14,2026-07-14T08:05:00+00:00,,24,23.0,,AZ4813,Alitalia
2026-07-14T12:13:29.153888,BOM-FRA,2026-07-14,active,2026-07-14T02:40:00+00:00,2026-07-14T03:03:00+00:00,14,2026-07-14T08:05:00+00:00,,24,23.0,,AI8757,Air India
2026-07-14T12:13:29.153906,BOM-FRA,2026-07-14,active,2026-07-14T02:40:00+00:00,2026-07-14T03:03:00+00:00,14,2026-07-14T08:05:00+00:00,,24,23.0,,AC9355,Air Canada
2026-07-14T12:13:29.153924,BOM-FRA,2026-07-13,landed,2026-07-13T11:40:00+00:00,2026-07-13T12:26:00+00:00,,2026-07-13T17:55:00+00:00,2026-07-13T17:43:00+00:00,,46.0,-12.0,LH7255,Lufthansa
2026-07-14T12:13:29.153947,BOM-FRA,2026-07-13,landed,2026-07-13T11:40:00+00:00,2026-07-13T12:26:00+00:00,,2026-07-13T17:55:00+00:00,2026-07-13T17:43:00+00:00,,46.0,-12.0,AI2027,Air India
2026-07-14T12:13:29.153968,BOM-FRA,2026-07-13,landed,2026-07-13T08:10:00+00:00,2026-07-13T08:22:00+00:00,5,2026-07-13T13:15:00+00:00,2026-07-13T13:20:00+00:00,5,12.0,5.0,D0627,DHL Air
2026-07-14T12:13:29.153990,BOM-FRA,2026-07-13,landed,2026-07-13T02:40:00+00:00,2026-07-13T03:01:00+00:00,5,2026-07-13T08:05:00+00:00,2026-07-13T08:10:00+00:00,5,21.0,5.0,LH757,Lufthansa
2026-07-14T12:13:29.154011,BOM-FRA,2026-07-13,landed,2026-07-13T02:40:00+00:00,2026-07-13T03:01:00+00:00,5,2026-07-13T08:05:00+00:00,2026-07-13T08:10:00+00:00,5,21.0,5.0,AI8757,Air India
2026-07-14T12:13:29.154032,BOM-FRA,2026-07-13,landed,2026-07-13T02:40:00+00:00,2026-07-13T03:01:00+00:00,5,2026-07-13T08:05:00+00:00,2026-07-13T08:10:00+00:00,5,21.0,5.0,AC9355,Air Canada
2026-07-14T12:13:29.730790,DEL-CDG,2026-07-14,active,2026-07-14T12:10:00+00:00,,,2026-07-14T19:15:00+00:00,,10,,,SQ4931,Singapore Airlines
2026-07-14T12:13:29.730825,DEL-CDG,2026-07-14,active,2026-07-14T09:38:00+00:00,2026-07-14T09:46:00+00:00,,2026-07-14T15:40:00+00:00,,8,8.0,,FX5279,FedEx
2026-07-14T12:13:29.730860,DEL-CDG,2026-07-14,active,2026-07-14T12:10:00+00:00,,,2026-07-14T19:15:00+00:00,,10,,,AI143,Air India
2026-07-14T12:13:29.730873,DEL-CDG,2026-07-14,landed,2026-07-14T00:50:00+00:00,2026-07-14T01:19:00+00:00,,2026-07-14T06:25:00+00:00,2026-07-14T06:13:00+00:00,,29.0,-12.0,KL2369,KLM
2026-07-14T12:13:29.730897,DEL-CDG,2026-07-14,landed,2026-07-14T00:50:00+00:00,2026-07-14T01:19:00+00:00,,2026-07-14T06:25:00+00:00,2026-07-14T06:13:00+00:00,,29.0,-12.0,DL8293,Delta Air Lines
2026-07-14T12:13:29.730918,DEL-CDG,2026-07-14,landed,2026-07-14T00:50:00+00:00,2026-07-14T01:19:00+00:00,,2026-07-14T06:25:00+00:00,2026-07-14T06:13:00+00:00,,29.0,-12.0,AF283,Air France
2026-07-14T12:13:29.730939,DEL-CDG,2026-07-13,landed,2026-07-13T12:10:00+00:00,2026-07-13T12:40:00+00:00,,2026-07-13T19:15:00+00:00,2026-07-13T18:46:00+00:00,,30.0,-29.0,SQ4931,Singapore Airlines
2026-07-14T12:13:29.730960,DEL-CDG,2026-07-13,landed,2026-07-13T12:10:00+00:00,2026-07-13T12:40:00+00:00,,2026-07-13T19:15:00+00:00,2026-07-13T18:46:00+00:00,,30.0,-29.0,AI143,Air India
2026-07-14T12:13:29.730981,DEL-CDG,2026-07-13,landed,2026-07-13T09:25:00+00:00,2026-07-13T09:32:00+00:00,,2026-07-13T15:25:00+00:00,2026-07-13T15:12:00+00:00,,7.0,-13.0,FX5272,FedEx
2026-07-14T12:13:29.731002,DEL-CDG,2026-07-13,landed,2026-07-13T00:50:00+00:00,2026-07-13T01:18:00+00:00,,2026-07-13T06:25:00+00:00,2026-07-13T06:17:00+00:00,,28.0,-8.0,KL2369,KLM
2026-07-14T12:13:29.731041,DEL-CDG,2026-07-13,landed,2026-07-13T00:50:00+00:00,2026-07-13T01:18:00+00:00,,2026-07-13T06:25:00+00:00,2026-07-13T06:17:00+00:00,,28.0,-8.0,DL8293,Delta Air Lines
2026-07-14T12:13:29.731059,DEL-CDG,2026-07-13,landed,2026-07-13T00:50:00+00:00,2026-07-13T01:18:00+00:00,,2026-07-13T06:25:00+00:00,2026-07-13T06:17:00+00:00,,28.0,-8.0,AF283,Air France
2026-07-14T12:13:30.275299,BLR-AMS,2026-07-14,active,2026-07-14T01:05:00+00:00,,,2026-07-14T07:55:00+00:00,,9,,,DL9478,Delta Air Lines
2026-07-14T12:13:30.275327,BLR-AMS,2026-07-14,active,2026-07-14T01:05:00+00:00,,,2026-07-14T07:55:00+00:00,,9,,,AF3126,Air France
2026-07-14T12:13:30.275339,BLR-AMS,2026-07-14,active,2026-07-14T01:05:00+00:00,2026-07-14T02:17:00+00:00,13,2026-07-14T07:55:00+00:00,,13,72.0,,KL880,KLM
2026-07-15T20:09:54.325513,BOM-FRA,2026-07-15,active,2026-07-15T11:40:00+00:00,2026-07-15T11:58:00+00:00,,2026-07-15T17:55:00+00:00,,18,18.0,,LH7255,Lufthansa
2026-07-15T20:09:54.325590,BOM-FRA,2026-07-15,active,2026-07-15T11:40:00+00:00,2026-07-15T11:58:00+00:00,,2026-07-15T17:55:00+00:00,,,18.0,,AI2027,Air India
2026-07-15T20:09:54.325605,BOM-FRA,2026-07-15,landed,2026-07-15T08:10:00+00:00,2026-07-15T09:02:00+00:00,18,2026-07-15T13:30:00+00:00,2026-07-15T13:48:00+00:00,18,52.0,18.0,D0623,DHL Air
2026-07-15T20:09:54.325617,BOM-FRA,2026-07-15,landed,2026-07-15T02:40:00+00:00,2026-07-15T03:17:00+00:00,17,2026-07-15T08:05:00+00:00,2026-07-15T08:22:00+00:00,17,37.0,17.0,AZ4813,Alitalia
2026-07-15T20:09:54.325627,BOM-FRA,2026-07-15,landed,2026-07-15T02:40:00+00:00,2026-07-15T03:17:00+00:00,17,2026-07-15T08:05:00+00:00,2026-07-15T08:22:00+00:00,17,37.0,17.0,AI8757,Air India
2026-07-15T20:09:54.325636,BOM-FRA,2026-07-15,landed,2026-07-15T02:40:00+00:00,2026-07-15T03:17:00+00:00,17,2026-07-15T08:05:00+00:00,2026-07-15T08:22:00+00:00,17,37.0,17.0,AC9355,Air Canada
2026-07-15T20:09:54.325645,BOM-FRA,2026-07-15,landed,2026-07-15T02:40:00+00:00,2026-07-15T03:17:00+00:00,17,2026-07-15T08:05:00+00:00,2026-07-15T08:22:00+00:00,17,37.0,17.0,LH757,Lufthansa
2026-07-15T20:09:54.325654,BOM-FRA,2026-07-14,landed,2026-07-14T08:20:00+00:00,2026-07-14T08:44:00+00:00,12,2026-07-14T13:45:00+00:00,2026-07-14T13:57:00+00:00,12,24.0,12.0,GEC8363,Lufthansa Cargo
2026-07-15T20:09:54.325662,BOM-FRA,2026-07-14,scheduled,2026-07-14T08:20:00+00:00,,,2026-07-14T13:45:00+00:00,,,,,LH8363,Lufthansa
2026-07-15T20:09:54.325669,BOM-FRA,2026-07-14,landed,2026-07-14T02:40:00+00:00,2026-07-14T03:03:00+00:00,20,2026-07-14T08:05:00+00:00,2026-07-14T08:25:00+00:00,20,23.0,20.0,LH757,Lufthansa
2026-07-15T20:09:54.325678,BOM-FRA,2026-07-14,landed,2026-07-14T02:40:00+00:00,2026-07-14T03:03:00+00:00,20,2026-07-14T08:05:00+00:00,2026-07-14T08:25:00+00:00,20,23.0,20.0,AZ4813,Alitalia
2026-07-15T20:09:54.325687,BOM-FRA,2026-07-14,landed,2026-07-14T02:40:00+00:00,2026-07-14T03:03:00+00:00,20,2026-07-14T08:05:00+00:00,2026-07-14T08:25:00+00:00,20,23.0,20.0,AI8757,Air India
2026-07-15T20:09:54.325695,BOM-FRA,2026-07-14,landed,2026-07-14T02:40:00+00:00,2026-07-14T03:03:00+00:00,20,2026-07-14T08:05:00+00:00,2026-07-14T08:25:00+00:00,20,23.0,20.0,AC9355,Air Canada
2026-07-15T20:09:54.940699,DEL-CDG,2026-07-16,scheduled,2026-07-16T00:50:00+00:00,,,2026-07-16T06:25:00+00:00,,,,,AF283,Air France
2026-07-15T20:09:54.940722,DEL-CDG,2026-07-15,active,2026-07-15T12:10:00+00:00,2026-07-15T12:45:00+00:00,70,2026-07-15T19:15:00+00:00,,36,35.0,,SQ4931,Singapore Airlines
2026-07-15T20:09:54.940745,DEL-CDG,2026-07-15,landed,2026-07-15T09:38:00+00:00,2026-07-15T09:54:00+00:00,,2026-07-15T15:40:00+00:00,2026-07-15T15:19:00+00:00,,16.0,-21.0,FX5279,FedEx
2026-07-15T20:09:54.940758,DEL-CDG,2026-07-15,active,2026-07-15T12:10:00+00:00,2026-07-15T12:45:00+00:00,,2026-07-15T19:15:00+00:00,,,35.0,,AI143,Air India
2026-07-15T20:09:54.940782,DEL-CDG,2026-07-15,landed,2026-07-15T00:50:00+00:00,2026-07-15T01:35:00+00:00,15,2026-07-15T06:25:00+00:00,2026-07-15T06:40:00+00:00,15,45.0,15.0,KL2369,KLM
2026-07-15T20:09:54.940793,DEL-CDG,2026-07-15,landed,2026-07-15T00:50:00+00:00,2026-07-15T01:35:00+00:00,15,2026-07-15T06:25:00+00:00,2026-07-15T06:40:00+00:00,15,45.0,15.0,DL8293,Delta Air Lines
2026-07-15T20:09:54.940802,DEL-CDG,2026-07-15,landed,2026-07-15T00:50:00+00:00,2026-07-15T01:35:00+00:00,15,2026-07-15T06:25:00+00:00,2026-07-15T06:40:00+00:00,15,45.0,15.0,AF283,Air France
2026-07-15T20:09:54.940811,DEL-CDG,2026-07-14,landed,2026-07-14T12:10:00+00:00,2026-07-14T12:27:00+00:00,,2026-07-14T19:15:00+00:00,2026-07-14T18:40:00+00:00,,17.0,-35.0,SQ4931,Singapore Airlines
2026-07-15T20:09:54.940821,DEL-CDG,2026-07-14,landed,2026-07-14T09:38:00+00:00,2026-07-14T09:46:00+00:00,,2026-07-14T15:40:00+00:00,2026-07-14T15:25:00+00:00,,8.0,-15.0,FX5279,FedEx
2026-07-15T20:09:54.940830,DEL-CDG,2026-07-14,landed,2026-07-14T12:10:00+00:00,2026-07-14T12:27:00+00:00,,2026-07-14T19:15:00+00:00,2026-07-14T18:40:00+00:00,,17.0,-35.0,AI143,Air India
2026-07-15T20:09:54.940838,DEL-CDG,2026-07-14,landed,2026-07-14T00:50:00+00:00,2026-07-14T01:19:00+00:00,,2026-07-14T06:25:00+00:00,2026-07-14T06:13:00+00:00,,29.0,-12.0,KL2369,KLM
2026-07-15T20:09:54.940847,DEL-CDG,2026-07-14,landed,2026-07-14T00:50:00+00:00,2026-07-14T01:19:00+00:00,,2026-07-14T06:25:00+00:00,2026-07-14T06:13:00+00:00,,29.0,-12.0,DL8293,Delta Air Lines
2026-07-15T20:09:54.940856,DEL-CDG,2026-07-14,landed,2026-07-14T00:50:00+00:00,2026-07-14T01:19:00+00:00,,2026-07-14T06:25:00+00:00,2026-07-14T06:13:00+00:00,,29.0,-12.0,AF283,Air France
2026-07-15T20:09:55.456360,BLR-AMS,2026-07-16,scheduled,2026-07-16T01:05:00+00:00,,,2026-07-16T07:55:00+00:00,,,,,KL880,KLM
2026-07-15T20:09:55.456381,BLR-AMS,2026-07-15,landed,2026-07-15T01:05:00+00:00,2026-07-15T01:21:00+00:00,,2026-07-15T07:55:00+00:00,2026-07-15T07:36:00+00:00,,16.0,-19.0,DL9478,Delta Air Lines
2026-07-15T20:09:55.456404,BLR-AMS,2026-07-15,landed,2026-07-15T01:05:00+00:00,2026-07-15T01:21:00+00:00,,2026-07-15T07:55:00+00:00,2026-07-15T07:36:00+00:00,,16.0,-19.0,AF3126,Air France
2026-07-15T20:09:55.456414,BLR-AMS,2026-07-15,landed,2026-07-15T01:05:00+00:00,2026-07-15T01:21:00+00:00,,2026-07-15T07:55:00+00:00,2026-07-15T07:36:00+00:00,,16.0,-19.0,KL880,KLM
2026-07-15T20:09:55.456423,BLR-AMS,2026-07-14,landed,2026-07-14T01:05:00+00:00,2026-07-14T02:17:00+00:00,11,2026-07-14T07:55:00+00:00,2026-07-14T08:06:00+00:00,11,72.0,11.0,DL9478,Delta Air Lines
2026-07-15T20:09:55.456432,BLR-AMS,2026-07-14,landed,2026-07-14T01:05:00+00:00,2026-07-14T02:17:00+00:00,11,2026-07-14T07:55:00+00:00,2026-07-14T08:06:00+00:00,11,72.0,11.0,AF3126,Air France
2026-07-15T20:09:55.456441,BLR-AMS,2026-07-14,landed,2026-07-14T01:05:00+00:00,2026-07-14T02:17:00+00:00,11,2026-07-14T07:55:00+00:00,2026-07-14T08:06:00+00:00,11,72.0,11.0,KL880,KLM
2026-07-16T10:46:15.046109,BOM-FRA,2026-07-16,scheduled,2026-07-16T11:40:00+00:00,,,2026-07-16T17:55:00+00:00,,10,,,LH7255,Lufthansa
2026-07-16T10:46:15.046203,BOM-FRA,2026-07-16,scheduled,2026-07-16T11:40:00+00:00,,,2026-07-16T17:55:00+00:00,,10,,,AI2027,Air India
2026-07-16T10:46:15.046223,BOM-FRA,2026-07-16,active,2026-07-16T02:40:00+00:00,2026-07-16T03:03:00+00:00,10,2026-07-16T08:05:00+00:00,,23,23.0,,AZ4813,Alitalia
2026-07-16T10:46:15.046265,BOM-FRA,2026-07-16,active,2026-07-16T02:40:00+00:00,2026-07-16T03:03:00+00:00,10,2026-07-16T08:05:00+00:00,,23,23.0,,AI8757,Air India
2026-07-16T10:46:15.046284,BOM-FRA,2026-07-16,active,2026-07-16T02:40:00+00:00,2026-07-16T03:03:00+00:00,10,2026-07-16T08:05:00+00:00,,23,23.0,,AC9355,Air Canada
2026-07-16T10:46:15.046298,BOM-FRA,2026-07-16,active,2026-07-16T02:40:00+00:00,2026-07-16T03:03:00+00:00,1,2026-07-16T08:05:00+00:00,,1,23.0,,LH757,Lufthansa
2026-07-16T10:46:15.046311,BOM-FRA,2026-07-15,landed,2026-07-15T11:40:00+00:00,2026-07-15T11:58:00+00:00,,2026-07-15T17:55:00+00:00,2026-07-15T17:12:00+00:00,,18.0,-43.0,LH7255,Lufthansa
2026-07-16T10:46:15.046331,BOM-FRA,2026-07-15,landed,2026-07-15T11:40:00+00:00,2026-07-15T11:58:00+00:00,,2026-07-15T17:55:00+00:00,2026-07-15T17:12:00+00:00,,18.0,-43.0,AI2027,Air India
2026-07-16T10:46:15.046348,BOM-FRA,2026-07-15,landed,2026-07-15T08:10:00+00:00,2026-07-15T09:02:00+00:00,18,2026-07-15T13:30:00+00:00,2026-07-15T13:48:00+00:00,18,52.0,18.0,D0623,DHL Air
2026-07-16T10:46:15.046365,BOM-FRA,2026-07-15,landed,2026-07-15T02:40:00+00:00,2026-07-15T03:17:00+00:00,17,2026-07-15T08:05:00+00:00,2026-07-15T08:22:00+00:00,17,37.0,17.0,AZ4813,Alitalia
2026-07-16T10:46:15.046382,BOM-FRA,2026-07-15,landed,2026-07-15T02:40:00+00:00,2026-07-15T03:17:00+00:00,17,2026-07-15T08:05:00+00:00,2026-07-15T08:22:00+00:00,17,37.0,17.0,AI8757,Air India
2026-07-16T10:46:15.046398,BOM-FRA,2026-07-15,landed,2026-07-15T02:40:00+00:00,2026-07-15T03:17:00+00:00,17,2026-07-15T08:05:00+00:00,2026-07-15T08:22:00+00:00,17,37.0,17.0,AC9355,Air Canada
2026-07-16T10:46:15.046415,BOM-FRA,2026-07-15,landed,2026-07-15T02:40:00+00:00,2026-07-15T03:17:00+00:00,17,2026-07-15T08:05:00+00:00,2026-07-15T08:22:00+00:00,17,37.0,17.0,LH757,Lufthansa
2026-07-16T10:46:15.589400,DEL-CDG,2026-07-16,active,2026-07-16T09:38:00+00:00,,,2026-07-16T15:12:00+00:00,,10,,,FX5279,FedEx
2026-07-16T10:46:15.589439,DEL-CDG,2026-07-16,scheduled,2026-07-16T12:10:00+00:00,,,2026-07-16T19:15:00+00:00,,10,,,AI143,Air India
2026-07-16T10:46:15.589453,DEL-CDG,2026-07-16,landed,2026-07-16T00:50:00+00:00,2026-07-16T01:17:00+00:00,,2026-07-16T06:25:00+00:00,2026-07-16T06:12:00+00:00,,27.0,-13.0,KL2369,KLM
2026-07-16T10:46:15.589489,DEL-CDG,2026-07-16,landed,2026-07-16T00:50:00+00:00,2026-07-16T01:17:00+00:00,,2026-07-16T06:25:00+00:00,2026-07-16T06:12:00+00:00,,27.0,-13.0,DL8293,Delta Air Lines
2026-07-16T10:46:15.589509,DEL-CDG,2026-07-16,active,2026-07-16T04:05:00+00:00,,,2026-07-16T10:05:00+00:00,,57,,,CX37,Cathay Pacific
2026-07-16T10:46:15.589522,DEL-CDG,2026-07-16,landed,2026-07-16T00:50:00+00:00,2026-07-16T01:17:00+00:00,,2026-07-16T06:25:00+00:00,2026-07-16T06:12:00+00:00,,27.0,-13.0,AF283,Air France
2026-07-16T10:46:15.589574,DEL-CDG,2026-07-15,landed,2026-07-15T12:10:00+00:00,2026-07-15T12:45:00+00:00,,2026-07-15T19:15:00+00:00,2026-07-15T19:09:00+00:00,,35.0,-6.0,SQ4931,Singapore Airlines
2026-07-16T10:46:15.589595,DEL-CDG,2026-07-15,landed,2026-07-15T09:38:00+00:00,2026-07-15T09:54:00+00:00,,2026-07-15T15:40:00+00:00,2026-07-15T15:19:00+00:00,,16.0,-21.0,FX5279,FedEx
2026-07-16T10:46:15.589615,DEL-CDG,2026-07-15,landed,2026-07-15T12:10:00+00:00,2026-07-15T12:45:00+00:00,,2026-07-15T19:15:00+00:00,2026-07-15T19:09:00+00:00,,35.0,-6.0,AI143,Air India
2026-07-16T10:46:15.589634,DEL-CDG,2026-07-15,landed,2026-07-15T00:50:00+00:00,2026-07-15T01:35:00+00:00,15,2026-07-15T06:25:00+00:00,2026-07-15T06:40:00+00:00,15,45.0,15.0,KL2369,KLM
2026-07-16T10:46:15.589653,DEL-CDG,2026-07-15,landed,2026-07-15T00:50:00+00:00,2026-07-15T01:35:00+00:00,15,2026-07-15T06:25:00+00:00,2026-07-15T06:40:00+00:00,15,45.0,15.0,DL8293,Delta Air Lines
2026-07-16T10:46:15.589672,DEL-CDG,2026-07-15,landed,2026-07-15T00:50:00+00:00,2026-07-15T01:35:00+00:00,15,2026-07-15T06:25:00+00:00,2026-07-15T06:40:00+00:00,15,45.0,15.0,AF283,Air France
2026-07-16T10:46:16.103586,BLR-AMS,2026-07-16,active,2026-07-16T10:10:00+00:00,,,2026-07-16T16:50:00+00:00,,1,,,SQ7352,Singapore Airlines
2026-07-16T10:46:16.103620,BLR-AMS,2026-07-16,active,2026-07-16T01:05:00+00:00,2026-07-16T01:25:00+00:00,,2026-07-16T07:55:00+00:00,,20,20.0,,DL9478,Delta Air Lines
2026-07-16T10:46:16.103646,BLR-AMS,2026-07-16,active,2026-07-16T01:05:00+00:00,2026-07-16T01:25:00+00:00,,2026-07-16T07:55:00+00:00,,20,20.0,,AF3126,Air France
2026-07-16T10:46:16.103657,BLR-AMS,2026-07-16,active,2026-07-16T01:05:00+00:00,2026-07-16T01:25:00+00:00,,2026-07-16T07:55:00+00:00,,,20.0,,KL880,KLM
2026-07-16T10:46:16.103666,BLR-AMS,2026-07-15,landed,2026-07-15T01:05:00+00:00,2026-07-15T01:21:00+00:00,,2026-07-15T07:55:00+00:00,2026-07-15T07:36:00+00:00,,16.0,-19.0,DL9478,Delta Air Lines
2026-07-16T10:46:16.103681,BLR-AMS,2026-07-15,landed,2026-07-15T01:05:00+00:00,2026-07-15T01:21:00+00:00,,2026-07-15T07:55:00+00:00,2026-07-15T07:36:00+00:00,,16.0,-19.0,AF3126,Air France
2026-07-16T10:46:16.103692,BLR-AMS,2026-07-15,landed,2026-07-15T01:05:00+00:00,2026-07-15T01:21:00+00:00,,2026-07-15T07:55:00+00:00,2026-07-15T07:36:00+00:00,,16.0,-19.0,KL880,KLM
2026-07-17T18:10:00.571950,BOM-FRA,2026-07-17,scheduled,2026-07-17T02:40:00+00:00,2026-07-17T04:01:00+00:00,42,2026-07-17T08:05:00+00:00,,42,81.0,,AZ4813,Alitalia
2026-07-17T18:10:00.572048,BOM-FRA,2026-07-17,scheduled,2026-07-17T02:40:00+00:00,2026-07-17T04:01:00+00:00,42,2026-07-17T08:05:00+00:00,,42,81.0,,AI8757,Air India
2026-07-17T18:10:00.572066,BOM-FRA,2026-07-17,scheduled,2026-07-17T02:40:00+00:00,2026-07-17T04:01:00+00:00,42,2026-07-17T08:05:00+00:00,,42,81.0,,AC9355,Air Canada
2026-07-17T18:10:00.572076,BOM-FRA,2026-07-17,scheduled,2026-07-17T02:40:00+00:00,2026-07-17T04:01:00+00:00,42,2026-07-17T08:05:00+00:00,,42,81.0,,LH757,Lufthansa
2026-07-17T18:10:00.572084,BOM-FRA,2026-07-16,landed,2026-07-16T11:40:00+00:00,2026-07-16T12:08:00+00:00,,2026-07-16T17:55:00+00:00,2026-07-16T17:31:00+00:00,,28.0,-24.0,LH7255,Lufthansa
2026-07-17T18:10:00.572096,BOM-FRA,2026-07-16,landed,2026-07-16T11:40:00+00:00,2026-07-16T12:08:00+00:00,,2026-07-16T17:55:00+00:00,2026-07-16T17:31:00+00:00,,28.0,-24.0,AI2027,Air India
2026-07-17T18:10:00.572105,BOM-FRA,2026-07-16,landed,2026-07-16T02:40:00+00:00,2026-07-16T03:03:00+00:00,,2026-07-16T08:05:00+00:00,2026-07-16T08:04:00+00:00,,23.0,-1.0,AZ4813,Alitalia
2026-07-17T18:10:00.572115,BOM-FRA,2026-07-16,landed,2026-07-16T02:40:00+00:00,2026-07-16T03:03:00+00:00,,2026-07-16T08:05:00+00:00,2026-07-16T08:04:00+00:00,,23.0,-1.0,AI8757,Air India
2026-07-17T18:10:00.572124,BOM-FRA,2026-07-16,landed,2026-07-16T02:40:00+00:00,2026-07-16T03:03:00+00:00,,2026-07-16T08:05:00+00:00,2026-07-16T08:04:00+00:00,,23.0,-1.0,AC9355,Air Canada
2026-07-17T18:10:00.572133,BOM-FRA,2026-07-16,landed,2026-07-16T02:40:00+00:00,2026-07-16T03:03:00+00:00,,2026-07-16T08:05:00+00:00,2026-07-16T08:04:00+00:00,,23.0,-1.0,LH757,Lufthansa
2026-07-17T18:10:22.200849,DEL-CDG,2026-07-17,active,2026-07-17T12:10:00+00:00,2026-07-17T12:26:00+00:00,,2026-07-17T19:15:00+00:00,,16,16.0,,SQ4931,Singapore Airlines
2026-07-17T18:10:22.200899,DEL-CDG,2026-07-17,active,2026-07-17T09:38:00+00:00,2026-07-17T09:51:00+00:00,,2026-07-17T15:40:00+00:00,,,13.0,,FX5279,FedEx
2026-07-17T18:10:22.200910,DEL-CDG,2026-07-17,active,2026-07-17T12:10:00+00:00,2026-07-17T12:26:00+00:00,,2026-07-17T19:15:00+00:00,,16,16.0,,AI143,Air India
2026-07-17T18:10:22.200919,DEL-CDG,2026-07-17,landed,2026-07-17T00:50:00+00:00,2026-07-17T01:23:00+00:00,,2026-07-17T06:25:00+00:00,2026-07-17T06:15:00+00:00,,33.0,-10.0,AF283,Air France
2026-07-17T18:10:22.200931,DEL-CDG,2026-07-17,landed,2026-07-17T00:50:00+00:00,2026-07-17T01:23:00+00:00,,2026-07-17T06:25:00+00:00,2026-07-17T06:15:00+00:00,,33.0,-10.0,KL2369,KLM
2026-07-17T18:10:22.200941,DEL-CDG,2026-07-17,landed,2026-07-17T00:50:00+00:00,2026-07-17T01:23:00+00:00,,2026-07-17T06:25:00+00:00,2026-07-17T06:15:00+00:00,,33.0,-10.0,DL8293,Delta Air Lines
2026-07-17T18:10:22.200952,DEL-CDG,2026-07-16,landed,2026-07-16T12:10:00+00:00,2026-07-16T12:37:00+00:00,,2026-07-16T19:15:00+00:00,2026-07-16T18:58:00+00:00,,27.0,-17.0,SQ4931,Singapore Airlines
2026-07-17T18:10:22.200962,DEL-CDG,2026-07-16,landed,2026-07-16T09:38:00+00:00,2026-07-16T10:27:00+00:00,15,2026-07-16T15:40:00+00:00,2026-07-16T15:55:00+00:00,15,49.0,15.0,FX5279,FedEx
2026-07-17T18:10:22.200972,DEL-CDG,2026-07-16,landed,2026-07-16T12:10:00+00:00,2026-07-16T12:37:00+00:00,,2026-07-16T19:15:00+00:00,2026-07-16T18:58:00+00:00,,27.0,-17.0,AI143,Air India
2026-07-17T18:10:22.200982,DEL-CDG,2026-07-16,landed,2026-07-16T00:50:00+00:00,2026-07-16T01:17:00+00:00,,2026-07-16T06:25:00+00:00,2026-07-16T06:12:00+00:00,,27.0,-13.0,KL2369,KLM
2026-07-17T18:10:22.200991,DEL-CDG,2026-07-16,landed,2026-07-16T00:50:00+00:00,2026-07-16T01:17:00+00:00,,2026-07-16T06:25:00+00:00,2026-07-16T06:12:00+00:00,,27.0,-13.0,DL8293,Delta Air Lines
2026-07-17T18:10:22.201001,DEL-CDG,2026-07-16,landed,2026-07-16T04:05:00+00:00,2026-07-16T05:05:00+00:00,23,2026-07-16T10:05:00+00:00,2026-07-16T10:28:00+00:00,23,60.0,23.0,CX37,Cathay Pacific
2026-07-17T18:10:22.201011,DEL-CDG,2026-07-16,landed,2026-07-16T00:50:00+00:00,2026-07-16T01:17:00+00:00,,2026-07-16T06:25:00+00:00,2026-07-16T06:12:00+00:00,,27.0,-13.0,AF283,Air France
2026-07-17T18:10:43.803376,BLR-AMS,2026-07-17,landed,2026-07-17T01:05:00+00:00,2026-07-17T01:18:00+00:00,,2026-07-17T07:55:00+00:00,2026-07-17T07:27:00+00:00,,13.0,-28.0,DL9478,Delta Air Lines
2026-07-17T18:10:43.803411,BLR-AMS,2026-07-17,landed,2026-07-17T01:05:00+00:00,2026-07-17T01:18:00+00:00,,2026-07-17T07:55:00+00:00,2026-07-17T07:27:00+00:00,,13.0,-28.0,AF3126,Air France
2026-07-17T18:10:43.803421,BLR-AMS,2026-07-17,landed,2026-07-17T01:05:00+00:00,2026-07-17T01:18:00+00:00,,2026-07-17T07:55:00+00:00,2026-07-17T07:27:00+00:00,,13.0,-28.0,KL880,KLM
2026-07-17T18:10:43.803431,BLR-AMS,2026-07-16,landed,2026-07-16T10:10:00+00:00,2026-07-16T10:28:00+00:00,,2026-07-16T16:50:00+00:00,2026-07-16T16:39:00+00:00,,18.0,-11.0,SQ7352,Singapore Airlines
2026-07-17T18:10:43.803441,BLR-AMS,2026-07-16,landed,2026-07-16T01:05:00+00:00,2026-07-16T01:25:00+00:00,,2026-07-16T07:55:00+00:00,2026-07-16T07:29:00+00:00,,20.0,-26.0,DL9478,Delta Air Lines
2026-07-17T18:10:43.803450,BLR-AMS,2026-07-16,landed,2026-07-16T01:05:00+00:00,2026-07-16T01:25:00+00:00,,2026-07-16T07:55:00+00:00,2026-07-16T07:29:00+00:00,,20.0,-26.0,AF3126,Air France
2026-07-17T18:10:43.803458,BLR-AMS,2026-07-16,landed,2026-07-16T01:05:00+00:00,2026-07-16T01:25:00+00:00,,2026-07-16T07:55:00+00:00,2026-07-16T07:29:00+00:00,,20.0,-26.0,KL880,KLM
2026-07-18T13:32:49.264135,BOM-FRA,2026-07-18,active,2026-07-18T11:40:00+00:00,2026-07-18T11:56:00+00:00,,2026-07-18T17:55:00+00:00,,17,16.0,,LH7255,Lufthansa
2026-07-18T13:32:49.264271,BOM-FRA,2026-07-18,active,2026-07-18T11:40:00+00:00,2026-07-18T11:56:00+00:00,,2026-07-18T17:55:00+00:00,,17,16.0,,AI2027,Air India
2026-07-18T13:32:49.264303,BOM-FRA,2026-07-18,landed,2026-07-18T02:40:00+00:00,2026-07-18T03:34:00+00:00,36,2026-07-18T08:05:00+00:00,2026-07-18T08:41:00+00:00,36,54.0,36.0,AZ4813,Alitalia
2026-07-18T13:32:49.264328,BOM-FRA,2026-07-18,landed,2026-07-18T02:40:00+00:00,2026-07-18T03:34:00+00:00,36,2026-07-18T08:05:00+00:00,2026-07-18T08:41:00+00:00,36,54.0,36.0,AI8757,Air India
2026-07-18T13:32:49.264348,BOM-FRA,2026-07-18,landed,2026-07-18T02:40:00+00:00,2026-07-18T03:34:00+00:00,36,2026-07-18T08:05:00+00:00,2026-07-18T08:41:00+00:00,36,54.0,36.0,AC9355,Air Canada
2026-07-18T13:32:49.264366,BOM-FRA,2026-07-18,landed,2026-07-18T02:40:00+00:00,2026-07-18T03:34:00+00:00,36,2026-07-18T08:05:00+00:00,2026-07-18T08:41:00+00:00,36,54.0,36.0,LH757,Lufthansa
2026-07-18T13:32:49.264383,BOM-FRA,2026-07-17,scheduled,2026-07-17T02:40:00+00:00,2026-07-17T04:01:00+00:00,42,2026-07-17T08:05:00+00:00,,42,81.0,,AZ4813,Alitalia
2026-07-18T13:32:49.264398,BOM-FRA,2026-07-17,scheduled,2026-07-17T02:40:00+00:00,2026-07-17T04:01:00+00:00,42,2026-07-17T08:05:00+00:00,,42,81.0,,AI8757,Air India
2026-07-18T13:32:49.264413,BOM-FRA,2026-07-17,scheduled,2026-07-17T02:40:00+00:00,2026-07-17T04:01:00+00:00,42,2026-07-17T08:05:00+00:00,,42,81.0,,AC9355,Air Canada
2026-07-18T13:32:49.264430,BOM-FRA,2026-07-17,scheduled,2026-07-17T02:40:00+00:00,2026-07-17T04:01:00+00:00,42,2026-07-17T08:05:00+00:00,,42,81.0,,LH757,Lufthansa
2026-07-18T13:32:49.773248,DEL-CDG,2026-07-18,active,2026-07-18T12:10:00+00:00,,,2026-07-18T19:15:00+00:00,,51,,,SQ4931,Singapore Airlines
2026-07-18T13:32:49.773293,DEL-CDG,2026-07-18,active,2026-07-18T09:38:00+00:00,2026-07-18T09:53:00+00:00,,2026-07-18T15:40:00+00:00,,15,15.0,,FX5279,FedEx
2026-07-18T13:32:49.773330,DEL-CDG,2026-07-18,active,2026-07-18T12:10:00+00:00,,,2026-07-18T19:15:00+00:00,,51,,,AI143,Air India
2026-07-18T13:32:49.773343,DEL-CDG,2026-07-18,scheduled,2026-07-18T00:50:00+00:00,2026-07-18T02:15:00+00:00,53,2026-07-18T06:25:00+00:00,,52,85.0,,KL2369,KLM
2026-07-18T13:32:49.773362,DEL-CDG,2026-07-18,scheduled,2026-07-18T00:50:00+00:00,2026-07-18T02:15:00+00:00,53,2026-07-18T06:25:00+00:00,,52,85.0,,DL8293,Delta Air Lines
2026-07-18T13:32:49.773379,DEL-CDG,2026-07-18,scheduled,2026-07-18T00:50:00+00:00,2026-07-18T02:15:00+00:00,53,2026-07-18T06:25:00+00:00,,52,85.0,,AF283,Air France
2026-07-18T13:32:49.773396,DEL-CDG,2026-07-17,landed,2026-07-17T12:10:00+00:00,2026-07-17T12:26:00+00:00,,2026-07-17T19:15:00+00:00,2026-07-17T18:42:00+00:00,,16.0,-33.0,SQ4931,Singapore Airlines
2026-07-18T13:32:49.773419,DEL-CDG,2026-07-17,landed,2026-07-17T09:38:00+00:00,2026-07-17T09:51:00+00:00,,2026-07-17T15:40:00+00:00,2026-07-17T15:10:00+00:00,,13.0,-30.0,FX5279,FedEx
2026-07-18T13:32:49.773440,DEL-CDG,2026-07-17,landed,2026-07-17T12:10:00+00:00,2026-07-17T12:26:00+00:00,,2026-07-17T19:15:00+00:00,2026-07-17T18:42:00+00:00,,16.0,-33.0,AI143,Air India
2026-07-18T13:32:49.773460,DEL-CDG,2026-07-17,landed,2026-07-17T00:50:00+00:00,2026-07-17T01:23:00+00:00,,2026-07-17T06:25:00+00:00,2026-07-17T06:15:00+00:00,,33.0,-10.0,AF283,Air France
2026-07-18T13:32:49.773478,DEL-CDG,2026-07-17,landed,2026-07-17T00:50:00+00:00,2026-07-17T01:23:00+00:00,,2026-07-17T06:25:00+00:00,2026-07-17T06:15:00+00:00,,33.0,-10.0,KL2369,KLM
2026-07-18T13:32:49.773497,DEL-CDG,2026-07-17,landed,2026-07-17T00:50:00+00:00,2026-07-17T01:23:00+00:00,,2026-07-17T06:25:00+00:00,2026-07-17T06:15:00+00:00,,33.0,-10.0,DL8293,Delta Air Lines
2026-07-18T13:32:50.218451,BLR-AMS,2026-07-18,active,2026-07-18T09:35:00+00:00,2026-07-18T09:49:00+00:00,,2026-07-18T16:15:00+00:00,,14,14.0,,SQ7352,Singapore Airlines
2026-07-18T13:32:50.218510,BLR-AMS,2026-07-17,landed,2026-07-17T01:05:00+00:00,2026-07-17T01:18:00+00:00,,2026-07-17T07:55:00+00:00,2026-07-17T07:27:00+00:00,,13.0,-28.0,DL9478,Delta Air Lines
2026-07-18T13:32:50.218532,BLR-AMS,2026-07-17,landed,2026-07-17T01:05:00+00:00,2026-07-17T01:18:00+00:00,,2026-07-17T07:55:00+00:00,2026-07-17T07:27:00+00:00,,13.0,-28.0,AF3126,Air France
2026-07-18T13:32:50.218550,BLR-AMS,2026-07-17,landed,2026-07-17T01:05:00+00:00,2026-07-17T01:18:00+00:00,,2026-07-17T07:55:00+00:00,2026-07-17T07:27:00+00:00,,13.0,-28.0,KL880,KLM
2026-07-19T12:51:41.695616,BOM-FRA,2026-07-19,active,2026-07-19T11:40:00+00:00,,,2026-07-19T17:55:00+00:00,,,,,LH7255,Lufthansa
2026-07-19T12:51:41.695714,BOM-FRA,2026-07-19,active,2026-07-19T11:40:00+00:00,,,2026-07-19T17:55:00+00:00,,,,,AI2027,Air India
2026-07-19T12:51:41.695733,BOM-FRA,2026-07-19,active,2026-07-19T08:10:00+00:00,2026-07-19T08:47:00+00:00,9,2026-07-19T13:30:00+00:00,,37,37.0,,3S623,AeroLogic
2026-07-19T12:51:41.695774,BOM-FRA,2026-07-19,active,2026-07-19T02:40:00+00:00,2026-07-19T03:07:00+00:00,14,2026-07-19T08:05:00+00:00,,27,27.0,,AZ4813,Alitalia
2026-07-19T12:51:41.695793,BOM-FRA,2026-07-19,active,2026-07-19T02:40:00+00:00,2026-07-19T03:07:00+00:00,14,2026-07-19T08:05:00+00:00,,27,27.0,,AI8757,Air India
2026-07-19T12:51:41.695807,BOM-FRA,2026-07-19,active,2026-07-19T02:40:00+00:00,2026-07-19T03:07:00+00:00,14,2026-07-19T08:05:00+00:00,,27,27.0,,AC9355,Air Canada
2026-07-19T12:51:41.695820,BOM-FRA,2026-07-19,active,2026-07-19T02:40:00+00:00,2026-07-19T03:07:00+00:00,10,2026-07-19T08:05:00+00:00,,10,27.0,,LH757,Lufthansa
2026-07-19T12:51:41.695833,BOM-FRA,2026-07-18,landed,2026-07-18T11:40:00+00:00,2026-07-18T11:56:00+00:00,,2026-07-18T17:55:00+00:00,2026-07-18T17:03:00+00:00,,16.0,-52.0,LH7255,Lufthansa
2026-07-19T12:51:41.695852,BOM-FRA,2026-07-18,landed,2026-07-18T11:40:00+00:00,2026-07-18T11:56:00+00:00,,2026-07-18T17:55:00+00:00,2026-07-18T17:03:00+00:00,,16.0,-52.0,AI2027,Air India
2026-07-19T12:51:41.695867,BOM-FRA,2026-07-18,landed,2026-07-18T02:40:00+00:00,2026-07-18T03:34:00+00:00,36,2026-07-18T08:05:00+00:00,2026-07-18T08:41:00+00:00,36,54.0,36.0,AZ4813,Alitalia
2026-07-19T12:51:41.695883,BOM-FRA,2026-07-18,landed,2026-07-18T02:40:00+00:00,2026-07-18T03:34:00+00:00,36,2026-07-18T08:05:00+00:00,2026-07-18T08:41:00+00:00,36,54.0,36.0,AI8757,Air India
2026-07-19T12:51:41.695908,BOM-FRA,2026-07-18,landed,2026-07-18T02:40:00+00:00,2026-07-18T03:34:00+00:00,36,2026-07-18T08:05:00+00:00,2026-07-18T08:41:00+00:00,36,54.0,36.0,AC9355,Air Canada
2026-07-19T12:51:41.695923,BOM-FRA,2026-07-18,landed,2026-07-18T02:40:00+00:00,2026-07-18T03:34:00+00:00,36,2026-07-18T08:05:00+00:00,2026-07-18T08:41:00+00:00,36,54.0,36.0,LH757,Lufthansa
2026-07-19T12:51:42.831861,DEL-CDG,2026-07-19,active,2026-07-19T12:10:00+00:00,,,2026-07-19T19:15:00+00:00,,,,,SQ4931,Singapore Airlines
2026-07-19T12:51:42.831901,DEL-CDG,2026-07-19,active,2026-07-19T12:10:00+00:00,,,2026-07-19T19:15:00+00:00,,,,,AI143,Air India
2026-07-19T12:51:42.831911,DEL-CDG,2026-07-19,landed,2026-07-19T00:50:00+00:00,2026-07-19T01:13:00+00:00,,2026-07-19T06:25:00+00:00,2026-07-19T06:04:00+00:00,,23.0,-21.0,KL2369,KLM
2026-07-19T12:51:42.831942,DEL-CDG,2026-07-19,landed,2026-07-19T00:50:00+00:00,2026-07-19T01:13:00+00:00,,2026-07-19T06:25:00+00:00,2026-07-19T06:04:00+00:00,,23.0,-21.0,DL8293,Delta Air Lines
2026-07-19T12:51:42.831957,DEL-CDG,2026-07-19,landed,2026-07-19T00:50:00+00:00,2026-07-19T01:13:00+00:00,,2026-07-19T06:25:00+00:00,2026-07-19T06:04:00+00:00,,23.0,-21.0,AF283,Air France
2026-07-19T12:51:42.832079,DEL-CDG,2026-07-18,landed,2026-07-18T12:10:00+00:00,2026-07-18T13:24:00+00:00,6,2026-07-18T19:15:00+00:00,2026-07-18T19:21:00+00:00,6,74.0,6.0,SQ4931,Singapore Airlines
2026-07-19T12:51:42.832101,DEL-CDG,2026-07-18,landed,2026-07-18T09:38:00+00:00,2026-07-18T09:53:00+00:00,,2026-07-18T15:40:00+00:00,2026-07-18T15:15:00+00:00,,15.0,-25.0,FX5279,FedEx
2026-07-19T12:51:42.832121,DEL-CDG,2026-07-18,landed,2026-07-18T12:10:00+00:00,2026-07-18T13:24:00+00:00,6,2026-07-18T19:15:00+00:00,2026-07-18T19:21:00+00:00,6,74.0,6.0,AI143,Air India
2026-07-19T12:51:42.832134,DEL-CDG,2026-07-18,scheduled,2026-07-18T00:50:00+00:00,2026-07-18T02:15:00+00:00,53,2026-07-18T06:25:00+00:00,,52,85.0,,KL2369,KLM
2026-07-19T12:51:42.832147,DEL-CDG,2026-07-18,scheduled,2026-07-18T00:50:00+00:00,2026-07-18T02:15:00+00:00,53,2026-07-18T06:25:00+00:00,,52,85.0,,DL8293,Delta Air Lines
2026-07-19T12:51:42.832158,DEL-CDG,2026-07-18,scheduled,2026-07-18T00:50:00+00:00,2026-07-18T02:15:00+00:00,53,2026-07-18T06:25:00+00:00,,52,85.0,,AF283,Air France
2026-07-19T12:51:43.975927,BLR-AMS,2026-07-19,active,2026-07-19T01:05:00+00:00,2026-07-19T01:35:00+00:00,,2026-07-19T07:55:00+00:00,,30,30.0,,DL9478,Delta Air Lines
2026-07-19T12:51:43.975977,BLR-AMS,2026-07-19,active,2026-07-19T01:05:00+00:00,2026-07-19T01:35:00+00:00,,2026-07-19T07:55:00+00:00,,30,30.0,,AF3126,Air France
2026-07-19T12:51:43.975991,BLR-AMS,2026-07-19,active,2026-07-19T01:05:00+00:00,2026-07-19T01:35:00+00:00,,2026-07-19T07:55:00+00:00,,,30.0,,KL880,KLM
2026-07-19T12:51:43.976003,BLR-AMS,2026-07-18,landed,2026-07-18T09:35:00+00:00,2026-07-18T09:49:00+00:00,,2026-07-18T16:15:00+00:00,2026-07-18T15:48:00+00:00,,14.0,-27.0,SQ7352,Singapore Airlines
2026-07-20T12:02:47.453004,BOM-FRA,2026-07-20,active,2026-07-20T11:40:00+00:00,,,2026-07-20T17:55:00+00:00,,10,,,LH7255,Lufthansa
2026-07-20T12:02:47.453111,BOM-FRA,2026-07-20,active,2026-07-20T08:10:00+00:00,2026-07-20T08:46:00+00:00,22,2026-07-20T13:15:00+00:00,,37,36.0,,D0627,DHL Air
2026-07-20T12:02:47.453510,BOM-FRA,2026-07-20,active,2026-07-20T11:40:00+00:00,,,2026-07-20T17:55:00+00:00,,10,,,AI2027,Air India
2026-07-20T12:02:47.453539,BOM-FRA,2026-07-20,active,2026-07-20T02:40:00+00:00,2026-07-20T02:59:00+00:00,6,2026-07-20T08:05:00+00:00,,19,19.0,,AI8757,Air India
2026-07-20T12:02:47.453572,BOM-FRA,2026-07-20,active,2026-07-20T02:40:00+00:00,2026-07-20T02:59:00+00:00,6,2026-07-20T08:05:00+00:00,,19,19.0,,AC9355,Air Canada
2026-07-20T12:02:47.453597,BOM-FRA,2026-07-20,active,2026-07-20T02:40:00+00:00,2026-07-20T02:59:00+00:00,1,2026-07-20T08:05:00+00:00,,1,19.0,,LH757,Lufthansa
2026-07-20T12:02:47.453620,BOM-FRA,2026-07-19,landed,2026-07-19T11:40:00+00:00,2026-07-19T12:06:00+00:00,,2026-07-19T17:55:00+00:00,2026-07-19T17:07:00+00:00,,26.0,-48.0,LH7255,Lufthansa
2026-07-20T12:02:47.453651,BOM-FRA,2026-07-19,landed,2026-07-19T11:40:00+00:00,2026-07-19T12:06:00+00:00,,2026-07-19T17:55:00+00:00,2026-07-19T17:07:00+00:00,,26.0,-48.0,AI2027,Air India
2026-07-20T12:02:47.453679,BOM-FRA,2026-07-19,landed,2026-07-19T08:10:00+00:00,2026-07-19T08:47:00+00:00,2,2026-07-19T13:30:00+00:00,2026-07-19T13:32:00+00:00,2,37.0,2.0,3S623,AeroLogic
2026-07-20T12:02:47.453707,BOM-FRA,2026-07-19,landed,2026-07-19T02:40:00+00:00,2026-07-19T03:07:00+00:00,1,2026-07-19T08:05:00+00:00,2026-07-19T08:06:00+00:00,1,27.0,1.0,AZ4813,Alitalia
2026-07-20T12:02:47.453735,BOM-FRA,2026-07-19,landed,2026-07-19T02:40:00+00:00,2026-07-19T03:07:00+00:00,1,2026-07-19T08:05:00+00:00,2026-07-19T08:06:00+00:00,1,27.0,1.0,AI8757,Air India
2026-07-20T12:02:47.453762,BOM-FRA,2026-07-19,landed,2026-07-19T02:40:00+00:00,2026-07-19T03:07:00+00:00,1,2026-07-19T08:05:00+00:00,2026-07-19T08:06:00+00:00,1,27.0,1.0,AC9355,Air Canada
2026-07-20T12:02:47.453788,BOM-FRA,2026-07-19,landed,2026-07-19T02:40:00+00:00,2026-07-19T03:07:00+00:00,1,2026-07-19T08:05:00+00:00,2026-07-19T08:06:00+00:00,1,27.0,1.0,LH757,Lufthansa
2026-07-20T12:02:47.982304,DEL-CDG,2026-07-20,active,2026-07-20T12:10:00+00:00,,,2026-07-20T19:15:00+00:00,,10,,,SQ4931,Singapore Airlines
2026-07-20T12:02:47.982323,DEL-CDG,2026-07-20,active,2026-07-20T09:25:00+00:00,2026-07-20T09:53:00+00:00,,2026-07-20T15:25:00+00:00,,29,28.0,,FX5272,FedEx
2026-07-20T12:02:47.982341,DEL-CDG,2026-07-20,active,2026-07-20T12:10:00+00:00,,,2026-07-20T19:15:00+00:00,,10,,,AI143,Air India
2026-07-20T12:02:47.982347,DEL-CDG,2026-07-20,landed,2026-07-20T00:50:00+00:00,2026-07-20T01:17:00+00:00,,2026-07-20T06:25:00+00:00,2026-07-20T06:19:00+00:00,,27.0,-6.0,KL2369,KLM
2026-07-20T12:02:47.982358,DEL-CDG,2026-07-20,landed,2026-07-20T00:50:00+00:00,2026-07-20T01:17:00+00:00,,2026-07-20T06:25:00+00:00,2026-07-20T06:19:00+00:00,,27.0,-6.0,DL8293,Delta Air Lines
2026-07-20T12:02:47.982367,DEL-CDG,2026-07-20,landed,2026-07-20T00:50:00+00:00,2026-07-20T01:17:00+00:00,,2026-07-20T06:25:00+00:00,2026-07-20T06:19:00+00:00,,27.0,-6.0,AF283,Air France
2026-07-20T12:02:47.982375,DEL-CDG,2026-07-19,landed,2026-07-19T12:10:00+00:00,2026-07-19T12:44:00+00:00,,2026-07-19T19:15:00+00:00,2026-07-19T18:47:00+00:00,,34.0,-28.0,SQ4931,Singapore Airlines
2026-07-20T12:02:47.982385,DEL-CDG,2026-07-19,landed,2026-07-19T12:10:00+00:00,2026-07-19T12:44:00+00:00,,2026-07-19T19:15:00+00:00,2026-07-19T18:47:00+00:00,,34.0,-28.0,AI143,Air India
2026-07-20T12:02:47.982394,DEL-CDG,2026-07-19,landed,2026-07-19T00:50:00+00:00,2026-07-19T01:13:00+00:00,,2026-07-19T06:25:00+00:00,2026-07-19T06:04:00+00:00,,23.0,-21.0,KL2369,KLM
2026-07-20T12:02:47.982403,DEL-CDG,2026-07-19,landed,2026-07-19T00:50:00+00:00,2026-07-19T01:13:00+00:00,,2026-07-19T06:25:00+00:00,2026-07-19T06:04:00+00:00,,23.0,-21.0,DL8293,Delta Air Lines
2026-07-20T12:02:47.982411,DEL-CDG,2026-07-19,landed,2026-07-19T00:50:00+00:00,2026-07-19T01:13:00+00:00,,2026-07-19T06:25:00+00:00,2026-07-19T06:04:00+00:00,,23.0,-21.0,AF283,Air France
2026-07-20T12:02:48.731822,BLR-AMS,2026-07-19,landed,2026-07-19T01:05:00+00:00,2026-07-19T01:35:00+00:00,,2026-07-19T07:55:00+00:00,2026-07-19T07:44:00+00:00,,30.0,-11.0,DL9478,Delta Air Lines
2026-07-20T12:02:48.731892,BLR-AMS,2026-07-19,landed,2026-07-19T01:05:00+00:00,2026-07-19T01:35:00+00:00,,2026-07-19T07:55:00+00:00,2026-07-19T07:44:00+00:00,,30.0,-11.0,AF3126,Air France
2026-07-20T12:02:48.731915,BLR-AMS,2026-07-19,landed,2026-07-19T01:05:00+00:00,2026-07-19T01:35:00+00:00,,2026-07-19T07:55:00+00:00,2026-07-19T07:44:00+00:00,,30.0,-11.0,KL880,KLM
2026-07-21T10:40:41.346204,BOM-FRA,2026-07-21,active,2026-07-21T08:20:00+00:00,,,2026-07-21T13:45:00+00:00,,22,,,GEC8363,Lufthansa Cargo
2026-07-21T10:40:41.346304,BOM-FRA,2026-07-21,scheduled,2026-07-21T08:20:00+00:00,,,2026-07-21T13:45:00+00:00,,,,,LH8363,Lufthansa
2026-07-21T10:40:41.346325,BOM-FRA,2026-07-21,active,2026-07-21T02:40:00+00:00,2026-07-21T03:02:00+00:00,8,2026-07-21T08:05:00+00:00,,23,22.0,,AZ4813,Alitalia
2026-07-21T10:40:41.346373,BOM-FRA,2026-07-21,active,2026-07-21T02:40:00+00:00,2026-07-21T03:02:00+00:00,8,2026-07-21T08:05:00+00:00,,23,22.0,,AI8757,Air India
2026-07-21T10:40:41.346394,BOM-FRA,2026-07-21,active,2026-07-21T02:40:00+00:00,2026-07-21T03:02:00+00:00,8,2026-07-21T08:05:00+00:00,,23,22.0,,AC9355,Air Canada
2026-07-21T10:40:41.346411,BOM-FRA,2026-07-21,active,2026-07-21T02:40:00+00:00,2026-07-21T03:02:00+00:00,8,2026-07-21T08:05:00+00:00,,23,22.0,,LH757,Lufthansa
2026-07-21T10:40:41.346428,BOM-FRA,2026-07-20,landed,2026-07-20T11:40:00+00:00,2026-07-20T12:05:00+00:00,,2026-07-20T17:55:00+00:00,2026-07-20T17:12:00+00:00,,25.0,-43.0,LH7255,Lufthansa
2026-07-21T10:40:41.346451,BOM-FRA,2026-07-20,landed,2026-07-20T08:10:00+00:00,2026-07-20T08:46:00+00:00,18,2026-07-20T13:15:00+00:00,2026-07-20T13:33:00+00:00,18,36.0,18.0,D0627,DHL Air
2026-07-21T10:40:41.346471,BOM-FRA,2026-07-20,landed,2026-07-20T11:40:00+00:00,2026-07-20T12:05:00+00:00,,2026-07-20T17:55:00+00:00,2026-07-20T17:12:00+00:00,,25.0,-43.0,AI2027,Air India
2026-07-21T10:40:41.346490,BOM-FRA,2026-07-20,landed,2026-07-20T02:40:00+00:00,2026-07-20T02:59:00+00:00,1,2026-07-20T08:05:00+00:00,2026-07-20T08:06:00+00:00,1,19.0,1.0,AI8757,Air India
2026-07-21T10:40:41.346510,BOM-FRA,2026-07-20,landed,2026-07-20T02:40:00+00:00,2026-07-20T02:59:00+00:00,1,2026-07-20T08:05:00+00:00,2026-07-20T08:06:00+00:00,1,19.0,1.0,AC9355,Air Canada
2026-07-21T10:40:41.346529,BOM-FRA,2026-07-20,landed,2026-07-20T02:40:00+00:00,2026-07-20T02:59:00+00:00,1,2026-07-20T08:05:00+00:00,2026-07-20T08:06:00+00:00,1,19.0,1.0,LH757,Lufthansa
2026-07-21T10:40:42.121344,DEL-CDG,2026-07-21,active,2026-07-21T09:38:00+00:00,,,2026-07-21T16:22:00+00:00,,,,,FX5279,FedEx
2026-07-21T10:40:42.121391,DEL-CDG,2026-07-21,scheduled,2026-07-21T12:10:00+00:00,,,2026-07-21T19:15:00+00:00,,10,,,AI143,Air India
2026-07-21T10:40:42.121406,DEL-CDG,2026-07-21,landed,2026-07-21T00:50:00+00:00,2026-07-21T01:20:00+00:00,1,2026-07-21T06:25:00+00:00,2026-07-21T06:26:00+00:00,1,30.0,1.0,KL2369,KLM
2026-07-21T10:40:42.121447,DEL-CDG,2026-07-21,landed,2026-07-21T00:50:00+00:00,2026-07-21T01:20:00+00:00,1,2026-07-21T06:25:00+00:00,2026-07-21T06:26:00+00:00,1,30.0,1.0,DL8293,Delta Air Lines
2026-07-21T10:40:42.121467,DEL-CDG,2026-07-21,landed,2026-07-21T00:50:00+00:00,2026-07-21T01:20:00+00:00,1,2026-07-21T06:25:00+00:00,2026-07-21T06:26:00+00:00,1,30.0,1.0,AF283,Air France
2026-07-21T10:40:42.121486,DEL-CDG,2026-07-20,landed,2026-07-20T12:10:00+00:00,2026-07-20T12:28:00+00:00,,2026-07-20T19:15:00+00:00,2026-07-20T18:30:00+00:00,,18.0,-45.0,SQ4931,Singapore Airlines
2026-07-21T10:40:42.121508,DEL-CDG,2026-07-20,landed,2026-07-20T09:25:00+00:00,2026-07-20T09:53:00+00:00,11,2026-07-20T15:25:00+00:00,2026-07-20T15:36:00+00:00,11,28.0,11.0,FX5272,FedEx
2026-07-21T10:40:42.121528,DEL-CDG,2026-07-20,landed,2026-07-20T12:10:00+00:00,2026-07-20T12:28:00+00:00,,2026-07-20T19:15:00+00:00,2026-07-20T18:30:00+00:00,,18.0,-45.0,AI143,Air India
2026-07-21T10:40:42.121548,DEL-CDG,2026-07-20,landed,2026-07-20T00:50:00+00:00,2026-07-20T01:17:00+00:00,,2026-07-20T06:25:00+00:00,2026-07-20T06:19:00+00:00,,27.0,-6.0,KL2369,KLM
2026-07-21T10:40:42.121567,DEL-CDG,2026-07-20,landed,2026-07-20T00:50:00+00:00,2026-07-20T01:17:00+00:00,,2026-07-20T06:25:00+00:00,2026-07-20T06:19:00+00:00,,27.0,-6.0,DL8293,Delta Air Lines
2026-07-21T10:40:42.121586,DEL-CDG,2026-07-20,landed,2026-07-20T00:50:00+00:00,2026-07-20T01:17:00+00:00,,2026-07-20T06:25:00+00:00,2026-07-20T06:19:00+00:00,,27.0,-6.0,AF283,Air France
2026-07-21T10:40:42.946689,BLR-AMS,2026-07-21,active,2026-07-21T01:05:00+00:00,2026-07-21T01:39:00+00:00,,2026-07-21T07:55:00+00:00,,35,34.0,,DL9478,Delta Air Lines
2026-07-21T10:40:42.946774,BLR-AMS,2026-07-21,active,2026-07-21T01:05:00+00:00,2026-07-21T01:39:00+00:00,,2026-07-21T07:55:00+00:00,,35,34.0,,AF3126,Air France
2026-07-21T10:40:42.946794,BLR-AMS,2026-07-21,active,2026-07-21T01:05:00+00:00,2026-07-21T01:39:00+00:00,,2026-07-21T07:55:00+00:00,,,34.0,,KL880,KLM
